code,title,observed,n_studies,aioe_baseline,estimate,posterior_std
11-1011.00,Chief Executives,,,0.5336,0.3681,0.8177
11-1011.03,Chief Sustainability Officers,,,0.5336,0.3707,0.8174
11-1021.00,General and Operations Managers,,,0.4009,0.3163,0.8173
11-2011.00,Advertising and Promotions Managers,,,0.5142,0.361,0.8172
11-2021.00,Marketing Managers,,,0.5115,0.3666,0.8176
11-2022.00,Sales Managers,,,0.5304,0.3687,0.8177
11-2033.00,Fundraising Managers,,,,0.2849,1.0016
11-3012.00,Administrative Services Managers,,,,0.2829,1.0015
11-3013.00,Facilities Managers,,,,0.2821,1.0015
11-3013.01,Security Managers,,,,0.2759,1.0017
11-3021.00,Computer and Information Systems Managers,,,0.457,0.3266,0.817
11-3031.00,Financial Managers,,,0.5306,0.3624,0.8173
11-3031.01,Treasurers and Controllers,,,0.5306,0.3475,0.8172
11-3031.03,Investment Fund Managers,,,0.5306,0.3365,0.8169
11-3051.00,Industrial Production Managers,,,0.3327,0.29,0.8172
11-3051.01,Quality Control Systems Managers,,,0.3327,0.2788,0.8172
11-3051.02,Geothermal Production Managers,,,0.3327,0.2927,0.8173
11-3051.03,Biofuels Production Managers,,,0.3327,0.2869,0.8172
11-3051.04,Biomass Power Plant Managers,,,0.3327,0.2875,0.8172
11-3051.06,Hydroelectric Production Managers,,,0.3327,0.2878,0.8173
11-3061.00,Purchasing Managers,,,0.5513,0.3732,0.8174
11-3071.00,Transportation; Storage; and Distribution Managers,,,0.4486,0.3361,0.8173
11-3071.04,Supply Chain Managers,,,0.4486,0.3359,0.8175
11-3111.00,Compensation and Benefits Managers,,,0.5668,0.3776,0.8174
11-3121.00,Human Resources Managers,,,0.5441,0.3763,0.8181
11-3131.00,Training and Development Managers,,,0.5395,0.3803,0.8184
11-9013.00,Farmers; Ranchers; and Other Agricultural Managers,,,0.225,0.2602,0.8173
11-9021.00,Construction Managers,,,0.392,0.3112,0.8173
11-9031.00,Education and Childcare Administrators; Preschool and Daycare,,,0.4617,0.348,0.8175
11-9032.00,Education Administrators; Kindergarten through Secondary,,,0.5105,0.3634,0.8178
11-9033.00,Education Administrators; Postsecondary,,,0.5832,0.3858,0.8175
11-9041.00,Architectural and Engineering Managers,,,0.3943,0.3217,0.8172
11-9041.01,Biofuels/Biodiesel Technology and Product Development Managers,,,0.3943,0.2974,0.8169
11-9051.00,Food Service Managers,,,0.2711,0.2795,0.8177
11-9071.00,Gambling Managers,,,0.4095,0.3225,0.8176
11-9072.00,Entertainment and Recreation Managers; Except Gambling,,,,0.2964,1.0017
11-9081.00,Lodging Managers,,,0.3559,0.31,0.8175
11-9111.00,Medical and Health Services Managers,,,0.5348,0.3603,0.8174
11-9121.00,Natural Sciences Managers,,,0.5193,0.3462,0.8172
11-9121.01,Clinical Research Coordinators,,,0.5193,0.343,0.8173
11-9121.02,Water Resource Specialists,,,0.5193,0.3387,0.817
11-9131.00,Postmasters and Mail Superintendents,,,0.4404,0.3367,0.8178
11-9141.00,Property; Real Estate; and Community Association Managers,,,0.5138,0.3638,0.8175
11-9151.00,Social and Community Service Managers,,,0.5159,0.3602,0.8174
11-9161.00,Emergency Management Directors,,,0.4478,0.3367,0.8174
11-9171.00,Funeral Home Managers,,,,0.2821,1.0021
11-9179.01,Fitness and Wellness Coordinators,,,,0.2961,1.0023
11-9179.02,Spa Managers,,,,0.2757,1.0016
11-9199.01,Regulatory Affairs Managers,,,0.4497,0.3342,0.8174
11-9199.02,Compliance Managers,,,0.4497,0.3321,0.8174
11-9199.08,Loss Prevention Managers,,,0.4497,0.3358,0.8174
11-9199.09,Wind Energy Operations Managers,,,0.4497,0.3354,0.8175
11-9199.10,Wind Energy Development Managers,,,0.4497,0.333,0.8173
11-9199.11,Brownfield Redevelopment Specialists and Site Managers,,,0.4497,0.3307,0.8172
13-1011.00,Agents and Business Managers of Artists; Performers; and Athletes,,,0.5208,0.3768,0.8173
13-1021.00,Buyers and Purchasing Agents; Farm Products,,,0.4133,0.3238,0.8172
13-1022.00,Wholesale and Retail Buyers; Except Farm Products,,,0.4246,0.3252,0.8172
13-1023.00,Purchasing Agents; Except Wholesale; Retail; and Farm Products,,,0.5729,0.3729,0.8172
13-1031.00,Claims Adjusters; Examiners; and Investigators,,,0.4909,0.3398,0.8173
13-1032.00,Insurance Appraisers; Auto Damage,,,0.3807,0.3056,0.8175
13-1041.00,Compliance Officers,,,0.3786,0.2989,0.8171
13-1041.01,Environmental Compliance Inspectors,,,0.3786,0.3053,0.8172
13-1041.03,Equal Opportunity Representatives and Officers,,,0.3786,0.3067,0.8176
13-1041.04,Government Property Inspectors and Investigators,,,0.3786,0.3065,0.8174
13-1041.06,Coroners,,,0.3786,0.3067,0.8172
13-1041.07,Regulatory Affairs Specialists,,,0.3786,0.3103,0.8173
13-1041.08,Customs Brokers,,,0.3786,0.3067,0.817
13-1051.00,Cost Estimators,,,0.4968,0.3222,0.8169
13-1071.00,Human Resources Specialists,,,0.5858,0.3834,0.8175
13-1074.00,Farm Labor Contractors,,,0.1733,0.234,0.8174
13-1075.00,Labor Relations Specialists,,,0.5592,0.3807,0.8189
13-1081.00,Logisticians,,,0.4856,0.3443,0.8173
13-1081.01,Logistics Engineers,,,0.4856,0.334,0.817
13-1081.02,Logistics Analysts,,,0.4856,0.3314,0.817
13-1111.00,Management Analysts,0.12588024588900293,1.0,0.5839,0.1274,0.0995
13-1121.00,Meeting; Convention; and Event Planners,,,0.3662,0.3135,0.8176
13-1131.00,Fundraisers,,,0.5538,0.3751,0.8176
13-1141.00,Compensation; Benefits; and Job Analysis Specialists,,,0.5447,0.3549,0.8172
13-1151.00,Training and Development Specialists,,,0.5365,0.3756,0.8178
13-1161.00,Market Research Analysts and Marketing Specialists,,,0.5435,0.3401,0.817
13-1161.01,Search Marketing Strategists,,,0.5435,0.3623,0.8171
13-1199.04,Business Continuity Planners,,,0.4528,0.333,0.8173
13-1199.05,Sustainability Specialists,,,0.4528,0.3314,0.8172
13-1199.06,Online Merchants,,,0.4528,0.3292,0.817
13-1199.07,Security Management Specialists,,,0.4528,0.3367,0.8172
13-2011.00,Accountants and Auditors,0.4155154439616658,1.0,0.5136,0.414,0.0995
13-2022.00,Appraisers of Personal and Business Property,,,,0.2536,1.0011
13-2023.00,Appraisers and Assessors of Real Estate,,,,0.2418,1.0007
13-2031.00,Budget Analysts,,,0.5317,0.3526,0.8171
13-2041.00,Credit Analysts,,,0.4879,0.3074,0.8169
13-2052.00,Personal Financial Advisors,,,0.5519,0.3513,0.817
13-2053.00,Insurance Underwriters,,,0.5237,0.3476,0.8171
13-2061.00,Financial Examiners,,,0.5439,0.3504,0.8173
13-2071.00,Credit Counselors,,,0.5433,0.3591,0.8171
13-2072.00,Loan Officers,,,0.5689,0.3634,0.8172
13-2081.00,Tax Examiners and Collectors; and Revenue Agents,,,0.5218,0.3555,0.8173
13-2082.00,Tax Preparers,,,0.4989,0.3459,0.8172
13-2099.01,Financial Quantitative Analysts,0.15545145258449572,2.0,0.5218,0.1559,0.0705
13-2099.04,Fraud Examiners; Investigators and Analysts,,,0.5218,0.3405,0.817
15-1211.00,Computer Systems Analysts,,,,0.256,1.0008
15-1211.01,Health Informatics Specialists,,,,0.2702,1.0012
15-1212.00,Information Security Analysts,0.19525776740136555,1.0,,0.1959,0.0995
15-1221.00,Computer and Information Research Scientists,,,,0.2598,1.0007
15-1231.00,Computer Network Support Specialists,,,,0.2658,1.0012
15-1232.00,Computer User Support Specialists,,,,0.2694,1.0011
15-1241.00,Computer Network Architects,,,,0.2588,1.0008
15-1241.01,Telecommunications Engineering Specialists,,,,0.2711,1.0012
15-1242.00,Database Administrators,,,,0.2536,1.0006
15-1243.00,Database Architects,,,,0.2414,1.0006
15-1243.01,Data Warehousing Specialists,,,,0.234,1.0004
15-1244.00,Network and Computer Systems Administrators,,,,0.2606,1.0007
15-1251.00,Computer Programmers,,,,0.2489,1.0004
15-1252.00,Software Developers,0.2788231685153041,5.0,0.4736,0.2788,0.0447
15-1253.00,Software Quality Assurance Analysts and Testers,,,,0.2637,1.001
15-1254.00,Web Developers,,,,0.298,1.0009
15-1255.01,Video Game Designers,,,,0.3338,1.001
15-1299.01,Web Administrators,,,,0.2843,1.0008
15-1299.02,Geographic Information Systems Technologists and Technicians,,,,0.2431,1.0007
15-1299.03,Document Management Specialists,,,,0.2677,1.0013
15-1299.05,Information Security Engineers,,,,0.2501,1.0008
15-1299.08,Computer Systems Engineers/Architects,,,,0.2588,1.0008
15-1299.09,Information Technology Project Managers,,,,0.2761,1.0016
15-2011.00,Actuaries,,,0.5107,0.3149,0.8169
15-2021.00,Mathematicians,,,0.5035,0.3529,0.8169
15-2031.00,Operations Research Analysts,,,0.5178,0.3377,0.817
15-2041.00,Statisticians,,,0.5197,0.3143,0.8169
15-2041.01,Biostatisticians,,,0.5197,0.3224,0.817
15-2051.01,Business Intelligence Analysts,,,,0.2267,1.0008
15-2051.02,Clinical Data Managers,,,,0.2516,1.0008
15-2099.01,Bioinformatics Technicians,,,,0.2367,1.0006
17-1011.00,Architects; Except Landscape and Naval,,,0.3866,0.3234,0.8171
17-1012.00,Landscape Architects,,,0.4341,0.3459,0.8171
17-1021.00,Cartographers and Photogrammetrists,,,0.3575,0.3009,0.817
17-1022.00,Surveyors,,,0.2328,0.2423,0.817
17-1022.01,Geodetic Surveyors,,,0.2328,0.236,0.8169
17-2011.00,Aerospace Engineers,,,0.4932,0.3359,0.8169
17-2021.00,Agricultural Engineers,,,0.4034,0.3044,0.817
17-2031.00,Bioengineers and Biomedical Engineers,,,0.4126,0.3083,0.8169
17-2041.00,Chemical Engineers,,,0.4488,0.316,0.8171
17-2051.00,Civil Engineers,,,0.4532,0.3362,0.8173
17-2051.01,Transportation Engineers,,,0.4532,0.333,0.8173
17-2051.02,Water/Wastewater Engineers,,,0.4532,0.3294,0.8172
17-2061.00,Computer Hardware Engineers,,,0.4638,0.3308,0.8169
17-2071.00,Electrical Engineers,,,0.4478,0.3274,0.8172
17-2072.00,Electronics Engineers; Except Computer,,,0.3544,0.2793,0.8168
17-2072.01,Radio Frequency Identification Device Specialists,,,0.3544,0.3063,0.817
17-2081.00,Environmental Engineers,,,0.4778,0.335,0.8171
17-2111.00,Health and Safety Engineers; Except Mining Safety Engineers and Inspectors,,,0.419,0.3222,0.8173
17-2111.02,Fire-Prevention and Protection Engineers,,,0.419,0.3257,0.8174
17-2112.00,Industrial Engineers,,,0.4486,0.3317,0.817
17-2112.01,Human Factors Engineers and Ergonomists,,,0.4486,0.3334,0.8172
17-2112.02,Validation Engineers,,,0.4486,0.3164,0.8175
17-2112.03,Manufacturing Engineers,,,0.4486,0.3242,0.817
17-2121.00,Marine Engineers and Naval Architects,,,0.3304,0.2871,0.8171
17-2131.00,Materials Engineers,,,0.4223,0.3073,0.817
17-2141.00,Mechanical Engineers,,,0.4009,0.3267,0.8171
17-2141.01,Fuel Cell Engineers,,,0.4009,0.2992,0.8171
17-2141.02,Automotive Engineers,,,0.4009,0.3048,0.8171
17-2151.00,Mining and Geological Engineers; Including Mining Safety Engineers,,,0.4751,0.3324,0.8171
17-2161.00,Nuclear Engineers,,,0.4839,0.331,0.8173
17-2171.00,Petroleum Engineers,,,0.4755,0.3326,0.817
17-2199.03,Energy Engineers; Except Wind and Solar,,,0.3805,0.3009,0.817
17-2199.05,Mechatronics Engineers,,,0.3805,0.3051,0.8169
17-2199.06,Microsystems Engineers,,,0.3805,0.3102,0.817
17-2199.07,Photonics Engineers,,,0.3805,0.2929,0.8169
17-2199.08,Robotics Engineers,,,0.3805,0.3103,0.8169
17-2199.09,Nanosystems Engineers,,,0.3805,0.285,0.8169
17-2199.10,Wind Energy Engineers,,,0.3805,0.3006,0.817
17-2199.11,Solar Energy Systems Engineers,,,0.3805,0.3042,0.8171
17-3011.00,Architectural and Civil Drafters,,,0.3748,0.3096,0.8171
17-3012.00,Electrical and Electronics Drafters,,,0.4004,0.3171,0.8172
17-3013.00,Mechanical Drafters,,,0.3386,0.2921,0.8169
17-3021.00,Aerospace Engineering and Operations Technologists and Technicians,,,0.3005,0.255,0.8169
17-3022.00,Civil Engineering Technologists and Technicians,,,0.3746,0.3018,0.8171
17-3023.00,Electrical and Electronic Engineering Technologists and Technicians,,,0.2747,0.2658,0.817
17-3024.00,Electro-Mechanical and Mechatronics Technologists and Technicians,,,0.1388,0.2105,0.817
17-3024.01,Robotics Technicians,,,0.1388,0.2165,0.817
17-3025.00,Environmental Engineering Technologists and Technicians,,,0.2322,0.249,0.8172
17-3026.00,Industrial Engineering Technologists and Technicians,,,0.3312,0.2999,0.8172
17-3026.01,Nanotechnology Engineering Technologists and Technicians,,,0.3312,0.2809,0.8171
17-3027.00,Mechanical Engineering Technologists and Technicians,,,0.2006,0.2414,0.8171
17-3027.01,Automotive Engineering Technicians,,,0.2006,0.2339,0.8171
17-3029.01,Non-Destructive Testing Specialists,,,0.2416,0.2457,0.8173
17-3029.08,Photonics Technicians,,,0.2416,0.2468,0.8171
17-3031.00,Surveying and Mapping Technicians,,,0.1973,0.2281,0.8169
19-1011.00,Animal Scientists,,,0.4627,0.3261,0.817
19-1012.00,Food Scientists and Technologists,,,0.3788,0.3057,0.8171
19-1013.00,Soil and Plant Scientists,,,0.3863,0.302,0.817
19-1021.00,Biochemists and Biophysicists,,,0.4253,0.3065,0.817
19-1022.00,Microbiologists,,,0.358,0.2834,0.817
19-1023.00,Zoologists and Wildlife Biologists,,,0.327,0.2929,0.8172
19-1029.01,Bioinformatics Scientists,,,0.444,0.3334,0.8169
19-1029.02,Molecular and Cellular Biologists,,,0.444,0.3257,0.817
19-1029.03,Geneticists,,,0.444,0.3201,0.817
19-1029.04,Biologists,,,0.444,0.3292,0.8171
19-1031.00,Conservation Scientists,,,0.2738,0.2551,0.817
19-1031.02,Range Managers,,,0.2738,0.2702,0.8173
19-1031.03,Park Naturalists,,,0.2738,0.2837,0.8178
19-1032.00,Foresters,,,0.217,0.2434,0.8172
19-1041.00,Epidemiologists,,,0.5283,0.3227,0.817
19-1042.00,Medical Scientists; Except Epidemiologists,,,0.5037,0.3547,0.8171
19-2011.00,Astronomers,,,0.476,0.3179,0.8169
19-2012.00,Physicists,,,0.489,0.3292,0.8169
19-2021.00,Atmospheric and Space Scientists,,,0.5231,0.3214,0.8168
19-2031.00,Chemists,,,0.327,0.2736,0.8171
19-2032.00,Materials Scientists,,,0.4236,0.3073,0.8169
19-2041.00,Environmental Scientists and Specialists; Including Health,,,0.4412,0.3142,0.8171
19-2041.01,Climate Change Policy Analysts,,,0.4412,0.3194,0.817
19-2041.02,Environmental Restoration Planners,,,0.4412,0.3237,0.8171
19-2041.03,Industrial Ecologists,,,0.4412,0.2988,0.8168
19-2042.00,Geoscientists; Except Hydrologists and Geographers,,,0.3775,0.2915,0.8169
19-2043.00,Hydrologists,,,0.375,0.2767,0.8169
19-2099.01,Remote Sensing Scientists and Technologists,,,0.4503,0.3166,0.8169
19-3011.00,Economists,,,0.538,0.3258,0.8169
19-3011.01,Environmental Economists,,,0.538,0.3146,0.8168
19-3022.00,Survey Researchers,,,0.5273,0.3391,0.8169
19-3032.00,Industrial-Organizational Psychologists,,,0.5584,0.3667,0.8173
19-3033.00,Clinical and Counseling Psychologists,,,,0.2755,1.002
19-3034.00,School Psychologists,,,,0.2767,1.0018
19-3039.02,Neuropsychologists,,,0.538,0.3508,0.817
19-3039.03,Clinical Neuropsychologists,,,0.538,0.3408,0.8172
19-3041.00,Sociologists,,,0.6257,0.3795,0.8171
19-3051.00,Urban and Regional Planners,,,0.4844,0.3452,0.8172
19-3091.00,Anthropologists and Archeologists,,,0.4137,0.3205,0.8171
19-3092.00,Geographers,,,0.5449,0.3504,0.8169
19-3093.00,Historians,,,0.5719,0.3707,0.8171
19-3094.00,Political Scientists,,,0.6131,0.3706,0.8171
19-3099.01,Transportation Planners,,,0.4865,0.3344,0.817
19-4012.00,Agricultural Technicians,,,,0.2584,1.0015
19-4012.01,Precision Agriculture Technicians,,,,0.258,1.0009
19-4013.00,Food Science Technicians,,,,0.2535,1.0015
19-4021.00,Biological Technicians,,,0.2862,0.2576,0.8172
19-4031.00,Chemical Technicians,,,0.2385,0.2405,0.8171
19-4042.00,Environmental Science and Protection Technicians; Including Health,,,,0.2579,1.0012
19-4043.00,Geological Technicians; Except Hydrologic Technicians,,,,0.2422,1.0009
19-4051.00,Nuclear Technicians,,,0.2391,0.2233,0.8171
19-4051.02,Nuclear Monitoring Technicians,,,0.2391,0.2375,0.8171
19-4061.00,Social Science Research Assistants,,,0.4951,0.316,0.8168
19-4071.00,Forest and Conservation Technicians,,,,0.2794,1.0016
19-4092.00,Forensic Science Technicians,,,0.2604,0.2619,0.8172
19-4099.01,Quality Control Analysts,,,0.2953,0.2493,0.817
19-4099.03,Remote Sensing Technicians,,,0.2953,0.2707,0.8169
19-5011.00,Occupational Health and Safety Specialists,,,,0.253,1.0011
19-5012.00,Occupational Health and Safety Technicians,,,,0.27,1.0016
21-1011.00,Substance Abuse and Behavioral Disorder Counselors,,,0.5115,0.3363,0.817
21-1012.00,Educational; Guidance; and Career Counselors and Advisors,,,0.5098,0.3558,0.8172
21-1013.00,Marriage and Family Therapists,,,0.5681,0.3746,0.8177
21-1014.00,Mental Health Counselors,,,0.5815,0.3832,0.8178
21-1015.00,Rehabilitation Counselors,,,0.4339,0.3298,0.8173
21-1021.00,Child; Family; and School Social Workers,,,0.4595,0.3391,0.8174
21-1022.00,Healthcare Social Workers,,,0.4884,0.3465,0.8183
21-1023.00,Mental Health and Substance Abuse Social Workers,,,0.5218,0.3584,0.8174
21-1091.00,Health Education Specialists,,,0.4619,0.342,0.8174
21-1092.00,Probation Officers and Correctional Treatment Specialists,,,0.4469,0.3285,0.8173
21-1093.00,Social and Human Service Assistants,,,0.3754,0.3061,0.8174
21-1094.00,Community Health Workers,,,0.2866,0.2821,0.8174
21-2011.00,Clergy,,,0.5675,0.386,0.8178
21-2021.00,Directors; Religious Activities and Education,,,0.5433,0.3783,0.8177
23-1011.00,Lawyers,0.2505513399263667,2.0,0.5641,0.2507,0.0705
23-1012.00,Judicial Law Clerks,,,0.5765,0.3634,0.8171
23-1021.00,Administrative Law Judges; Adjudicators; and Hearing Officers,,,0.5836,0.3835,0.8176
23-1022.00,Arbitrators; Mediators; and Conciliators,,,0.6047,0.3837,0.8187
23-1023.00,Judges; Magistrate Judges; and Magistrates,,,0.6045,0.3953,0.8181
23-2011.00,Paralegals and Legal Assistants,,,0.5386,0.3544,0.8171
23-2093.00,Title Examiners; Abstractors; and Searchers,,,0.5494,0.3439,0.817
25-1011.00,Business Teachers; Postsecondary,,,0.5986,0.3992,0.8186
25-1021.00,Computer Science Teachers; Postsecondary,,,0.5506,0.3769,0.8173
25-1022.00,Mathematical Science Teachers; Postsecondary,,,0.5542,0.3819,0.818
25-1031.00,Architecture Teachers; Postsecondary,,,0.5203,0.3737,0.8175
25-1032.00,Engineering Teachers; Postsecondary,,,0.5395,0.3729,0.8173
25-1041.00,Agricultural Sciences Teachers; Postsecondary,,,0.501,0.3604,0.8174
25-1042.00,Biological Science Teachers; Postsecondary,,,0.5723,0.3784,0.8174
25-1043.00,Forestry and Conservation Science Teachers; Postsecondary,,,0.587,0.3845,0.8173
25-1051.00,Atmospheric; Earth; Marine; and Space Sciences Teachers; Postsecondary,,,0.5784,0.3809,0.8175
25-1052.00,Chemistry Teachers; Postsecondary,,,0.5632,0.3829,0.8182
25-1053.00,Environmental Science Teachers; Postsecondary,,,0.5954,0.3861,0.8174
25-1054.00,Physics Teachers; Postsecondary,,,0.5191,0.3641,0.8175
25-1061.00,Anthropology and Archeology Teachers; Postsecondary,,,0.5809,0.37,0.8173
25-1062.00,Area; Ethnic; and Cultural Studies Teachers; Postsecondary,,,0.6093,0.4065,0.8178
25-1063.00,Economics Teachers; Postsecondary,,,0.5658,0.3811,0.8173
25-1064.00,Geography Teachers; Postsecondary,,,0.6009,0.3776,0.8173
25-1065.00,Political Science Teachers; Postsecondary,,,0.6306,0.39,0.8172
25-1066.00,Psychology Teachers; Postsecondary,,,0.6192,0.4045,0.8184
25-1067.00,Sociology Teachers; Postsecondary,,,0.6306,0.3857,0.8171
25-1071.00,Health Specialties Teachers; Postsecondary,,,0.5161,0.3641,0.8175
25-1072.00,Nursing Instructors and Teachers; Postsecondary,,,0.4147,0.3243,0.8176
25-1081.00,Education Teachers; Postsecondary,,,0.5998,0.3962,0.818
25-1082.00,Library Science Teachers; Postsecondary,,,0.6003,0.3966,0.8176
25-1111.00,Criminal Justice and Law Enforcement Teachers; Postsecondary,,,0.6272,0.4026,0.8175
25-1112.00,Law Teachers; Postsecondary,,,0.6373,0.4155,0.8187
25-1113.00,Social Work Teachers; Postsecondary,,,0.624,0.4042,0.8177
25-1121.00,Art; Drama; and Music Teachers; Postsecondary,,,0.4701,0.3736,0.8177
25-1122.00,Communications Teachers; Postsecondary,,,0.6163,0.4002,0.8174
25-1123.00,English Language and Literature Teachers; Postsecondary,,,0.6489,0.4183,0.8178
25-1124.00,Foreign Language and Literature Teachers; Postsecondary,,,0.6398,0.4193,0.8182
25-1125.00,History Teachers; Postsecondary,,,0.6396,0.3986,0.8173
25-1126.00,Philosophy and Religion Teachers; Postsecondary,,,0.6369,0.4181,0.8185
25-1192.00,Family and Consumer Sciences Teachers; Postsecondary,,,0.567,0.3857,0.8181
25-1193.00,Recreation and Fitness Studies Teachers; Postsecondary,,,0.5588,0.3804,0.8176
25-1194.00,Career/Technical Education Teachers; Postsecondary,,,0.3403,0.3077,0.818
25-2011.00,Preschool Teachers; Except Special Education,,,0.326,0.3005,0.8176
25-2012.00,Kindergarten Teachers; Except Special Education,,,0.3956,0.3293,0.8175
25-2021.00,Elementary School Teachers; Except Special Education,,,0.4722,0.352,0.8177
25-2022.00,Middle School Teachers; Except Special and Career/Technical Education,,,0.5283,0.3721,0.8175
25-2023.00,Career/Technical Education Teachers; Middle School,,,0.3943,0.3232,0.8172
25-2031.00,Secondary School Teachers; Except Special and Career/Technical Education,,,0.521,0.3712,0.8177
25-2032.00,Career/Technical Education Teachers; Secondary School,,,0.347,0.3123,0.8174
25-2051.00,Special Education Teachers; Preschool,,,0.396,0.3143,0.8173
25-2056.00,Special Education Teachers; Elementary School,,,,0.269,1.0016
25-2057.00,Special Education Teachers; Middle School,,,,0.2816,1.0019
25-2058.00,Special Education Teachers; Secondary School,,,,0.2712,1.0014
25-2059.01,Adapted Physical Education Specialists,,,0.2086,0.2605,0.8174
25-3011.00,Adult Basic Education; Adult Secondary Education; and English as a Second Language Instructors,,,0.5611,0.3877,0.8174
25-3021.00,Self-Enrichment Teachers,,,0.4318,0.346,0.8188
25-3031.00,Substitute Teachers; Short-Term,,,,0.2545,1.0013
25-3041.00,Tutors,,,,0.2964,1.0028
25-4011.00,Archivists,,,0.404,0.3072,0.8171
25-4012.00,Curators,,,0.3962,0.3203,0.8172
25-4013.00,Museum Technicians and Conservators,,,0.2349,0.2583,0.8181
25-4022.00,Librarians and Media Collections Specialists,,,,0.2859,1.0014
25-4031.00,Library Technicians,,,0.2961,0.2816,0.8173
25-9021.00,Farm and Home Management Educators,,,0.4232,0.3299,0.8174
25-9031.00,Instructional Coordinators,,,0.5367,0.3703,0.8178
25-9042.00,Teaching Assistants; Preschool; Elementary; Middle; and Secondary School; Except Special Education,,,,0.2945,1.0017
25-9043.00,Teaching Assistants; Special Education,,,,0.2778,1.0017
25-9044.00,Teaching Assistants; Postsecondary,,,,0.2855,1.0019
27-1011.00,Art Directors,,,0.4112,0.3609,0.8171
27-1012.00,Craft Artists,,,0.0654,0.2356,0.8171
27-1013.00,Fine Artists; Including Painters; Sculptors; and Illustrators,0.7929925155296614,1.0,0.1114,0.7887,0.0995
27-1014.00,Special Effects Artists and Animators,,,0.3491,0.327,0.8172
27-1021.00,Commercial and Industrial Designers,,,0.376,0.3187,0.8172
27-1022.00,Fashion Designers,,,0.3651,0.3516,0.8172
27-1023.00,Floral Designers,,,0.2122,0.2665,0.8174
27-1024.00,Graphic Designers,,,0.3691,0.3437,0.817
27-1025.00,Interior Designers,,,0.4312,0.3498,0.8171
27-1026.00,Merchandise Displayers and Window Trimmers,,,0.1037,0.2252,0.8193
27-1027.00,Set and Exhibit Designers,,,0.2246,0.3007,0.8172
27-2011.00,Actors,,,0.3798,0.3341,0.818
27-2012.00,Producers and Directors,,,0.4391,0.3438,0.817
27-2012.03,Media Programming Directors,,,0.4391,0.3426,0.8174
27-2012.04,Talent Directors,,,0.4391,0.3448,0.8172
27-2012.05,Media Technical Directors/Managers,,,0.4391,0.333,0.8175
27-2021.00,Athletes and Sports Competitors,,,-0.0131,0.1727,0.8173
27-2022.00,Coaches and Scouts,,,0.3254,0.3015,0.8179
27-2023.00,Umpires; Referees; and Other Sports Officials,,,0.2278,0.2677,0.8175
27-2031.00,Dancers,,,-0.1189,0.1586,0.8186
27-2032.00,Choreographers,,,0.0719,0.2495,0.8176
27-2041.00,Music Directors and Composers,,,0.4753,0.3728,0.8172
27-2042.00,Musicians and Singers,,,0.3193,0.297,0.818
27-3011.00,Broadcast Announcers and Radio Disc Jockeys,,,0.4947,0.3582,0.8175
27-3023.00,News Analysts; Reporters; and Journalists,,,,0.273,1.0012
27-3031.00,Public Relations Specialists,,,0.5775,0.3847,0.8174
27-3041.00,Editors,,,0.5088,0.3618,0.8171
27-3042.00,Technical Writers,,,0.5353,0.3534,0.8172
27-3043.00,Writers and Authors,,,0.5044,0.3629,0.8172
27-3043.05,Poets; Lyricists and Creative Writers,,,0.5044,0.4046,0.8171
27-3091.00,Interpreters and Translators,0.3727128765446731,1.0,0.5426,0.3719,0.0995
27-3092.00,Court Reporters and Simultaneous Captioners,,,,0.2125,1.0013
27-4011.00,Audio and Video Technicians,,,0.233,0.2711,0.8173
27-4012.00,Broadcast Technicians,,,0.2349,0.2563,0.8172
27-4014.00,Sound Engineering Technicians,,,0.3293,0.3085,0.817
27-4021.00,Photographers,,,0.1779,0.2579,0.8173
27-4031.00,Camera Operators; Television; Video; and Film,,,0.1259,0.2424,0.8173
27-4032.00,Film and Video Editors,,,0.3964,0.3295,0.817
29-1011.00,Chiropractors,,,0.2692,0.2649,0.8176
29-1021.00,Dentists; General,,,0.1851,0.2445,0.8176
29-1022.00,Oral and Maxillofacial Surgeons,,,0.1888,0.241,0.8177
29-1023.00,Orthodontists,,,0.2627,0.2744,0.8175
29-1024.00,Prosthodontists,,,0.2132,0.2474,0.8175
29-1031.00,Dietitians and Nutritionists,,,0.5452,0.3631,0.8173
29-1041.00,Optometrists,,,0.3003,0.2772,0.8174
29-1051.00,Pharmacists,,,0.3784,0.3012,0.8173
29-1071.00,Physician Assistants,,,0.2667,0.2687,0.8178
29-1071.01,Anesthesiologist Assistants,,,0.2667,0.247,0.8173
29-1081.00,Podiatrists,,,0.3748,0.2955,0.8177
29-1122.00,Occupational Therapists,,,0.3142,0.2845,0.8174
29-1122.01,Low Vision Therapists; Orientation and Mobility Specialists; and Vision Rehabilitation Therapists,,,0.3142,0.2883,0.8174
29-1123.00,Physical Therapists,,,0.2458,0.2623,0.8177
29-1124.00,Radiation Therapists,,,0.1918,0.2357,0.8175
29-1125.00,Recreational Therapists,,,0.3426,0.31,0.818
29-1126.00,Respiratory Therapists,,,0.2164,0.2361,0.8175
29-1127.00,Speech-Language Pathologists,,,0.5407,0.3542,0.8173
29-1128.00,Exercise Physiologists,,,0.3228,0.2894,0.8175
29-1129.01,Art Therapists,,,,0.2999,1.0015
29-1129.02,Music Therapists,,,,0.3042,1.002
29-1131.00,Veterinarians,,,0.2406,0.2637,0.818
29-1141.00,Registered Nurses,,,0.3155,0.2817,0.8178
29-1141.01,Acute Care Nurses,,,0.3155,0.2836,0.8176
29-1141.02,Advanced Practice Psychiatric Nurses,,,0.3155,0.2858,0.8177
29-1141.03,Critical Care Nurses,,,0.3155,0.2828,0.8185
29-1141.04,Clinical Nurse Specialists,,,0.3155,0.2867,0.8175
29-1151.00,Nurse Anesthetists,,,0.2864,0.2602,0.8177
29-1161.00,Nurse Midwives,,,0.3224,0.2834,0.8175
29-1171.00,Nurse Practitioners,,,0.3218,0.2817,0.8174
29-1181.00,Audiologists,,,0.4046,0.3182,0.8175
29-1211.00,Anesthesiologists,,,,0.2539,1.002
29-1213.00,Dermatologists,,,,0.2604,1.0021
29-1214.00,Emergency Medicine Physicians,,,,0.2665,1.0021
29-1215.00,Family Medicine Physicians,,,,0.2551,1.0027
29-1216.00,General Internal Medicine Physicians,,,,0.2548,1.0023
29-1217.00,Neurologists,,,,0.2495,1.0014
29-1218.00,Obstetricians and Gynecologists,,,,0.263,1.0024
29-1221.00,Pediatricians; General,,,,0.2742,1.0032
29-1222.00,Physicians; Pathologists,,,,0.2661,1.0013
29-1223.00,Psychiatrists,,,,0.2803,1.0022
29-1224.00,Radiologists,-0.037751128203603754,1.0,0.3885,-0.0347,0.0995
29-1229.01,Allergists and Immunologists,,,,0.2606,1.0018
29-1229.02,Hospitalists,,,,0.2577,1.0021
29-1229.03,Urologists,,,,0.2471,1.0016
29-1229.04,Physical Medicine and Rehabilitation Physicians,,,,0.2708,1.0018
29-1229.05,Preventive Medicine Physicians,,,,0.2659,1.0011
29-1229.06,Sports Medicine Physicians,,,,0.2595,1.0024
29-1241.00,Ophthalmologists; Except Pediatric,,,,0.2433,1.0014
29-1291.00,Acupuncturists,,,,0.2724,1.0027
29-1292.00,Dental Hygienists,,,,0.2735,1.0019
29-1299.01,Naturopathic Physicians,,,,0.2642,1.0018
29-1299.02,Orthoptists,,,,0.2712,1.0017
29-2011.00,Medical and Clinical Laboratory Technologists,,,0.2494,0.2406,0.8172
29-2011.01,Cytogenetic Technologists,,,0.2494,0.2494,0.8174
29-2011.02,Cytotechnologists,,,0.2494,0.2501,0.8173
29-2011.04,Histotechnologists,,,0.2494,0.2532,0.8173
29-2012.00,Medical and Clinical Laboratory Technicians,,,0.1987,0.2311,0.8171
29-2012.01,Histology Technicians,,,0.1987,0.2338,0.8172
29-2031.00,Cardiovascular Technologists and Technicians,,,0.2307,0.2436,0.8178
29-2032.00,Diagnostic Medical Sonographers,,,0.2006,0.242,0.8173
29-2033.00,Nuclear Medicine Technologists,,,0.2534,0.2591,0.8177
29-2034.00,Radiologic Technologists and Technicians,,,0.1731,0.2333,0.8192
29-2035.00,Magnetic Resonance Imaging Technologists,,,0.2294,0.2488,0.8174
29-2036.00,Medical Dosimetrists,,,,0.2524,1.001
29-2051.00,Dietetic Technicians,,,0.2313,0.2563,0.8175
29-2052.00,Pharmacy Technicians,,,0.2534,0.257,0.8171
29-2053.00,Psychiatric Technicians,,,0.258,0.2675,0.8188
29-2055.00,Surgical Technologists,,,0.1442,0.229,0.818
29-2056.00,Veterinary Technologists and Technicians,,,0.1989,0.2316,0.8178
29-2057.00,Ophthalmic Medical Technicians,,,0.2757,0.2726,0.8176
29-2061.00,Licensed Practical and Licensed Vocational Nurses,,,0.1956,0.2301,0.8175
29-2081.00,Opticians; Dispensing,,,0.2644,0.2735,0.8176
29-2091.00,Orthotists and Prosthetists,,,0.2848,0.276,0.8175
29-2092.00,Hearing Aid Specialists,,,0.3546,0.3043,0.8176
29-2099.01,Neurodiagnostic Technologists,,,0.1991,0.2311,0.8174
29-2099.05,Ophthalmic Medical Technologists,,,0.1991,0.2463,0.8175
29-2099.08,Patient Representatives,,,0.1991,0.2444,0.8173
29-9091.00,Athletic Trainers,,,0.2383,0.257,0.819
29-9092.00,Genetic Counselors,,,0.5691,0.379,0.8181
29-9093.00,Surgical Assistants,,,,0.2615,1.0036
29-9099.01,Midwives,,,0.3169,0.2771,0.8177
31-1121.00,Home Health Aides,,,,0.2537,1.003
31-1122.00,Personal Care Aides,,,,0.2721,1.0038
31-1131.00,Nursing Assistants,,,,0.2532,1.0017
31-1132.00,Orderlies,,,,0.265,1.0076
31-1133.00,Psychiatric Aides,,,,0.263,1.0025
31-2011.00,Occupational Therapy Assistants,,,0.2425,0.2601,0.8175
31-2012.00,Occupational Therapy Aides,,,0.1832,0.2415,0.8177
31-2021.00,Physical Therapist Assistants,,,0.2063,0.2427,0.8179
31-2022.00,Physical Therapist Aides,,,0.1289,0.2178,0.8182
31-9011.00,Massage Therapists,,,0.1148,0.2234,0.8184
31-9091.00,Dental Assistants,,,0.1855,0.2423,0.8174
31-9092.00,Medical Assistants,,,0.3079,0.2742,0.8173
31-9093.00,Medical Equipment Preparers,,,0.095,0.1903,0.8174
31-9094.00,Medical Transcriptionists,,,0.5098,0.339,0.8171
31-9095.00,Pharmacy Aides,,,0.2524,0.2639,0.8172
31-9096.00,Veterinary Assistants and Laboratory Animal Caretakers,,,0.1342,0.2081,0.8176
31-9097.00,Phlebotomists,,,0.205,0.2469,0.8173
31-9099.01,Speech-Language Pathology Assistants,,,0.3113,0.2926,0.8174
31-9099.02,Endoscopy Technicians,,,0.3113,0.2691,0.8177
33-1011.00,First-Line Supervisors of Correctional Officers,,,0.1823,0.2376,0.8176
33-1012.00,First-Line Supervisors of Police and Detectives,,,0.217,0.2534,0.8174
33-1021.00,First-Line Supervisors of Firefighting and Prevention Workers,,,0.1245,0.2192,0.8176
33-1091.00,First-Line Supervisors of Security Workers,,,,0.2778,1.0031
33-2011.00,Firefighters,,,-0.0125,0.1652,0.8179
33-2021.00,Fire Inspectors and Investigators,,,0.2263,0.2556,0.8175
33-2022.00,Forest Fire Inspectors and Prevention Specialists,,,0.1863,0.237,0.8174
33-3011.00,Bailiffs,,,0.2223,0.2465,0.8175
33-3012.00,Correctional Officers and Jailers,,,0.1175,0.2179,0.8174
33-3021.00,Detectives and Criminal Investigators,,,0.29,0.2771,0.8172
33-3021.02,Police Identification and Records Officers,,,0.29,0.2739,0.8172
33-3021.06,Intelligence Analysts,,,0.29,0.2657,0.817
33-3031.00,Fish and Game Wardens,,,0.1518,0.2324,0.8172
33-3041.00,Parking Enforcement Workers,,,0.1264,0.2234,0.8174
33-3051.00,Police and Sheriff's Patrol Officers,,,0.1236,0.2238,0.8179
33-3051.04,Customs and Border Protection Officers,,,0.1236,0.2102,0.8171
33-3052.00,Transit and Railroad Police,,,0.1015,0.2061,0.8178
33-9011.00,Animal Control Workers,,,0.1762,0.2379,0.8174
33-9021.00,Private Detectives and Investigators,,,0.3876,0.2941,0.817
33-9031.00,Gambling Surveillance Officers and Gambling Investigators,,,0.3493,0.2756,0.8171
33-9032.00,Security Guards,,,0.1693,0.2423,0.8172
33-9091.00,Crossing Guards and Flaggers,,,0.1747,0.2371,0.8174
33-9092.00,Lifeguards; Ski Patrol; and Other Recreational Protective Service Workers,,,0.1918,0.2428,0.8188
33-9093.00,Transportation Security Screeners,,,0.1482,0.2326,0.8181
33-9099.02,Retail Loss Prevention Specialists,,,0.2547,0.2539,0.8172
35-1011.00,Chefs and Head Cooks,,,0.2221,0.2671,0.8178
35-1012.00,First-Line Supervisors of Food Preparation and Serving Workers,,,0.2267,0.2625,0.8174
35-2011.00,Cooks; Fast Food,,,0.176,0.2442,0.8176
35-2012.00,Cooks; Institution and Cafeteria,,,0.1407,0.2317,0.8174
35-2013.00,Cooks; Private Household,,,0.1238,0.234,0.8174
35-2014.00,Cooks; Restaurant,,,0.0986,0.2167,0.8183
35-2015.00,Cooks; Short Order,,,0.139,0.2316,0.8172
35-2021.00,Food Preparation Workers,,,0.0618,0.2011,0.8174
35-3011.00,Bartenders,,,0.1718,0.2461,0.8179
35-3023.00,Fast Food and Counter Workers,,,,0.2748,1.0018
35-3023.01,Baristas,,,,0.281,1.0032
35-3031.00,Waiters and Waitresses,,,0.1596,0.2396,0.8182
35-3041.00,Food Servers; Nonrestaurant,,,0.1647,0.236,0.8177
35-9011.00,Dining Room and Cafeteria Attendants and Bartender Helpers,,,-0.0432,0.1757,0.8176
35-9021.00,Dishwashers,,,-0.0701,0.156,0.8177
35-9031.00,Hosts and Hostesses; Restaurant; Lounge; and Coffee Shop,,,0.2965,0.2855,0.8177
39-1013.00,First-Line Supervisors of Gambling Services Workers,,,,0.2777,1.0046
39-1022.00,First-Line Supervisors of Personal Service Workers,,,,0.2748,1.0016
39-2011.00,Animal Trainers,,,0.1049,0.2302,0.8175
39-2021.00,Animal Caretakers,,,0.1472,0.2276,0.8187
39-3011.00,Gambling Dealers,,,0.2646,0.2752,0.8181
39-3012.00,Gambling and Sports Book Writers and Runners,,,0.335,0.298,0.8183
39-3021.00,Motion Picture Projectionists,,,0.1217,0.2177,0.8172
39-3031.00,Ushers; Lobby Attendants; and Ticket Takers,,,0.2349,0.2655,0.8178
39-3091.00,Amusement and Recreation Attendants,,,0.2101,0.2578,0.819
39-3092.00,Costume Attendants,,,0.196,0.2595,0.8186
39-3093.00,Locker Room; Coatroom; and Dressing Room Attendants,,,0.3169,0.2963,0.8182
39-4011.00,Embalmers,,,0.1201,0.2127,0.8188
39-4021.00,Funeral Attendants,,,0.225,0.2554,0.819
39-4031.00,Morticians; Undertakers; and Funeral Arrangers,,,0.2343,0.2657,0.8179
39-5011.00,Barbers,,,0.144,0.2447,0.8196
39-5012.00,Hairdressers; Hairstylists; and Cosmetologists,,,0.1287,0.2347,0.8178
39-5091.00,Makeup Artists; Theatrical and Performance,,,0.1537,0.2587,0.8174
39-5092.00,Manicurists and Pedicurists,,,0.2416,0.2785,0.818
39-5093.00,Shampooers,,,0.1529,0.2319,0.8175
39-5094.00,Skincare Specialists,,,0.2505,0.2615,0.8176
39-6011.00,Baggage Porters and Bellhops,,,0.066,0.2004,0.8199
39-6012.00,Concierges,,,0.4835,0.356,0.8173
39-7011.00,Tour Guides and Escorts,,,0.4131,0.3267,0.818
39-7012.00,Travel Guides,,,0.3746,0.3096,0.8174
39-9011.00,Childcare Workers,,,0.2231,0.2633,0.8176
39-9011.01,Nannies,,,0.2231,0.2666,0.8184
39-9031.00,Exercise Trainers and Group Fitness Instructors,,,-0.0061,0.1968,0.8176
39-9032.00,Recreation Workers,,,0.2787,0.282,0.8171
39-9041.00,Residential Advisors,,,0.4078,0.3185,0.8178
41-1011.00,First-Line Supervisors of Retail Sales Workers,,,0.3005,0.2884,0.8177
41-1012.00,First-Line Supervisors of Non-Retail Sales Workers,,,0.5231,0.3598,0.8175
41-2011.00,Cashiers,,,0.2357,0.2623,0.8175
41-2012.00,Gambling Change Persons and Booth Cashiers,,,0.2364,0.2653,0.8176
41-2021.00,Counter and Rental Clerks,,,0.2883,0.2754,0.8177
41-2022.00,Parts Salespersons,,,0.2553,0.2636,0.8171
41-2031.00,Retail Salespersons,,,0.3333,0.298,0.8188
41-3011.00,Advertising Sales Agents,,,0.4943,0.3556,0.8174
41-3021.00,Insurance Sales Agents,,,0.5584,0.3709,0.8172
41-3031.00,Securities; Commodities; and Financial Services Sales Agents,,,0.5233,0.3535,0.8171
41-3041.00,Travel Agents,,,0.5271,0.3563,0.8171
41-4011.00,Sales Representatives; Wholesale and Manufacturing; Technical and Scientific Products,,,0.4587,0.3454,0.8181
41-4011.07,Solar Sales Representatives and Assessors,,,0.4587,0.3384,0.8171
41-4012.00,Sales Representatives; Wholesale and Manufacturing; Except Technical and Scientific Products,,,0.4768,0.3489,0.8174
41-9011.00,Demonstrators and Product Promoters,,,0.3285,0.2991,0.8191
41-9012.00,Models,,,0.1525,0.2591,0.8172
41-9021.00,Real Estate Brokers,,,0.5418,0.3652,0.8173
41-9022.00,Real Estate Sales Agents,0.05413944610064823,1.0,0.4057,0.0565,0.0995
41-9031.00,Sales Engineers,,,0.4741,0.3455,0.8171
41-9041.00,Telemarketers,,,0.6634,0.4039,0.8171
41-9091.00,Door-to-Door Sales Workers; News and Street Vendors; and Related Workers,,,0.5761,0.3832,0.8181
43-1011.00,First-Line Supervisors of Office and Administrative Support Workers,,,0.4968,0.3452,0.8172
43-2011.00,Switchboard Operators; Including Answering Service,,,0.5199,0.3531,0.8173
43-2021.00,Telephone Operators,,,0.5553,0.3643,0.8173
43-3011.00,Bill and Account Collectors,,,0.5254,0.3559,0.8173
43-3021.00,Billing and Posting Clerks,,,0.4972,0.3485,0.8172
43-3031.00,Bookkeeping; Accounting; and Auditing Clerks,,,0.4303,0.3213,0.8171
43-3041.00,Gambling Cage Workers,,,0.3626,0.3009,0.8173
43-3051.00,Payroll and Timekeeping Clerks,,,0.5012,0.3487,0.8171
43-3061.00,Procurement Clerks,,,0.5927,0.3813,0.8172
43-3071.00,Tellers,,,0.3489,0.2959,0.8174
43-4011.00,Brokerage Clerks,,,0.4741,0.3407,0.8171
43-4021.00,Correspondence Clerks,,,0.5073,0.3474,0.8171
43-4031.00,Court; Municipal; and License Clerks,,,0.5393,0.356,0.8171
43-4041.00,Credit Authorizers; Checkers; and Clerks,,,0.5834,0.3777,0.8171
43-4051.00,Customer Service Representatives,0.23724684725930023,2.0,0.4846,0.2374,0.0705
43-4061.00,Eligibility Interviewers; Government Programs,,,0.5563,0.3653,0.8176
43-4071.00,File Clerks,,,0.3087,0.2729,0.817
43-4081.00,Hotel; Motel; and Resort Desk Clerks,,,0.4078,0.3209,0.8177
43-4111.00,Interviewers; Except Eligibility and Loan,,,0.563,0.366,0.8172
43-4121.00,Library Assistants; Clerical,,,0.3163,0.2848,0.8172
43-4131.00,Loan Interviewers and Clerks,,,0.5262,0.3576,0.8172
43-4141.00,New Accounts Clerks,,,0.5109,0.3545,0.8174
43-4151.00,Order Clerks,,,0.4183,0.3206,0.8172
43-4161.00,Human Resources Assistants; Except Payroll and Timekeeping,,,0.5698,0.368,0.8172
43-4171.00,Receptionists and Information Clerks,,,0.4755,0.3394,0.8172
43-4181.00,Reservation and Transportation Ticket Agents and Travel Clerks,,,0.3472,0.2975,0.8175
43-5011.00,Cargo and Freight Agents,,,0.5222,0.3472,0.8173
43-5011.01,Freight Forwarders,,,0.5222,0.3548,0.8171
43-5021.00,Couriers and Messengers,,,0.0643,0.1926,0.8176
43-5031.00,Public Safety Telecommunicators,,,0.4211,0.3126,0.8171
43-5032.00,Dispatchers; Except Police; Fire; and Ambulance,,,0.4955,0.3466,0.8172
43-5041.00,Meter Readers; Utilities,,,0.0422,0.185,0.8173
43-5051.00,Postal Service Clerks,,,0.1985,0.248,0.8176
43-5052.00,Postal Service Mail Carriers,,,0.0549,0.1924,0.8223
43-5053.00,Postal Service Mail Sorters; Processors; and Processing Machine Operators,,,0.0464,0.1927,0.8199
43-5061.00,Production; Planning; and Expediting Clerks,,,0.3973,0.3086,0.8171
43-5071.00,Shipping; Receiving; and Inventory Clerks,,,0.103,0.2138,0.8184
43-5111.00,Weighers; Measurers; Checkers; and Samplers; Recordkeeping,,,0.184,0.2203,0.8172
43-6011.00,Executive Secretaries and Executive Administrative Assistants,,,0.4909,0.3567,0.8177
43-6012.00,Legal Secretaries and Administrative Assistants,,,0.4999,0.3421,0.8172
43-6013.00,Medical Secretaries and Administrative Assistants,,,0.5313,0.362,0.8173
43-6014.00,Secretaries and Administrative Assistants; Except Legal; Medical; and Executive,,,0.522,0.3598,0.8173
43-9021.00,Data Entry Keyers,,,0.2944,0.2702,0.817
43-9022.00,Word Processors and Typists,,,0.3649,0.306,0.8174
43-9031.00,Desktop Publishers,,,0.2446,0.2735,0.817
43-9041.00,Insurance Claims and Policy Processing Clerks,,,0.5226,0.351,0.8171
43-9051.00,Mail Clerks and Mail Machine Operators; Except Postal Service,,,0.1087,0.2134,0.8188
43-9061.00,Office Clerks; General,,,0.4499,0.3317,0.8171
43-9071.00,Office Machine Operators; Except Computer,,,0.1369,0.2308,0.8171
43-9081.00,Proofreaders and Copy Markers,,,0.5603,0.3682,0.8171
43-9111.00,Statistical Assistants,,,0.4797,0.3233,0.8169
