bin,characteristic,x_mean,n,speed_z_mean,quality_z_mean,lm_aioe_z_mean
0,median_salary_2021,27.651621621621622,37,-0.35811338719606073,0.035971598054593934,-0.47264224
1,median_salary_2021,29.83297297297297,37,-0.4395784019096616,-0.0080740108647741,-0.49027598
2,median_salary_2021,33.41277777777778,36,-0.48669818335023307,-0.11303948327446031,-0.63737893
3,median_salary_2021,36.77918918918919,37,-0.40710874864510205,-0.10038475307584066,-0.43225154
4,median_salary_2021,37.71611111111111,36,-0.6130935403211205,0.018804320957787547,-0.5360482
5,median_salary_2021,38.946486486486485,37,-0.6020357488145349,0.014303302814716418,-0.65978354
6,median_salary_2021,44.02916666666667,36,-0.16770616114504586,-0.04311854422759285,-0.2686071
7,median_salary_2021,46.489729729729724,37,-0.5394477348323828,-0.09754291493983115,-0.65620786
8,median_salary_2021,47.634166666666665,36,-0.5121472891517482,7.105462443762794e-05,-0.44150096
9,median_salary_2021,48.54432432432433,37,-0.4261069500233018,-0.07862999217259563,-0.42505273
10,median_salary_2021,51.55722222222222,36,0.07209840850006734,-0.15836190182288734,-0.050369337
11,median_salary_2021,59.53108108108108,37,-0.02625389632748884,-0.15672577932605708,-0.17971845
12,median_salary_2021,61.12166666666667,36,0.29346078473395054,-0.15434509139467373,0.1671196
13,median_salary_2021,62.883243243243236,37,0.3972393435170823,0.05435996246406708,0.46496272
14,median_salary_2021,70.92972222222222,36,0.45957265578295226,-0.09907459240519714,0.46196875
15,median_salary_2021,77.8318918918919,37,0.7800564343055922,-0.1112909554152523,0.739044
16,median_salary_2021,81.14916666666666,36,0.5391636175200414,0.05698179352328614,0.6124011
17,median_salary_2021,95.23486486486486,37,0.6565420672082427,0.6801292613868201,0.89529234
18,median_salary_2021,103.61944444444445,36,0.6771997916086555,0.07942675857828163,0.8035018
19,median_salary_2021,137.75945945945946,37,0.6419979895981376,0.06200352710574771,0.82601815
0,occ_req_education,1.5703692436218262,39,-1.067750166267441,0.017839083325956764,-1.070898
1,occ_req_education,1.849001407623291,39,-1.003208957247265,0.02386019739193784,-0.98858386
2,occ_req_education,1.9841282367706299,38,-0.8192123171857949,0.03809137205441227,-0.8671935
3,occ_req_education,2.110741138458252,39,-1.1369827726295427,0.02450004330085685,-1.1351801
4,occ_req_education,2.2579052448272705,39,-0.7638097105342668,0.024467230690142984,-0.82139206
5,occ_req_education,2.4951460361480713,38,-0.8638824900284496,0.037372948577731366,-0.8805693
6,occ_req_education,2.666435480117798,39,-0.3815125705203181,-0.027639195123360796,-0.5413776
7,occ_req_education,2.9018521308898926,38,-0.4875714659049802,0.01433288317323682,-0.46808663
8,occ_req_education,3.1547927856445312,39,-0.21086299220775295,-0.04105955290530231,-0.2643191
9,occ_req_education,3.461636781692505,39,0.06565348641636727,-0.029498576397142394,-0.12619585
10,occ_req_education,3.924093246459961,38,0.3275551911422017,-0.14146959564853248,0.18531683
11,occ_req_education,4.48811149597168,39,0.4814228265831275,-0.17660844776398257,0.38502592
12,occ_req_education,4.9694037437438965,38,0.5330480171666774,-0.28243213953011087,0.38513651
13,occ_req_education,5.391078948974609,39,0.7241578769208166,-0.21767811758811126,0.46134314
14,occ_req_education,5.919303894042969,39,0.705879742791633,0.06441931861841264,0.86699665
15,occ_req_education,6.337203502655029,38,0.9017431913346596,-0.27730214689193594,0.9251923
16,occ_req_education,6.883293628692627,39,0.6559617802655617,0.5048028357766854,0.8118273
17,occ_req_education,7.786665916442871,38,0.7054859183824149,0.25176622953287897,0.97358644
18,occ_req_education,9.53294849395752,39,0.9672124219304258,0.06092204119316739,1.1652288
19,occ_req_education,11.002395629882812,39,0.6714244189311384,0.11518316177687705,1.0106387
0,avg_creative_weight,0.02756471559405327,39,-1.1382936042397869,0.03670633448638798,-1.3029766
1,avg_creative_weight,0.03219699114561081,39,-1.2340188073562954,0.02702661432581893,-1.2485758
2,avg_creative_weight,0.03456960245966911,38,-1.1738830455691631,0.03408391609855136,-1.1586472
3,avg_creative_weight,0.03675443306565285,39,-1.0341859779314542,0.0243687928580016,-1.0278931
4,avg_creative_weight,0.03846534714102745,39,-0.9862026418827826,0.023023475818736146,-0.93331784
5,avg_creative_weight,0.040259793400764465,38,-0.8161322260129706,0.03232153350731842,-0.80305934
6,avg_creative_weight,0.04271584749221802,39,-0.7156366488577968,0.029006308505551148,-0.79168975
7,avg_creative_weight,0.045302614569664,38,-0.4135696202268673,0.041273763548772345,-0.50410473
8,avg_creative_weight,0.04797585681080818,39,-0.1230372743213994,0.025418796400843047,-0.27472776
9,avg_creative_weight,0.050948720425367355,39,0.06561324158622821,0.020094950312530082,-0.08389217
10,avg_creative_weight,0.05349128320813179,38,0.22998828776886254,0.06332038398941903,0.2158042
11,avg_creative_weight,0.056390371173620224,39,0.48334307990690617,0.0208031558271028,0.49153566
12,avg_creative_weight,0.06054488569498062,38,0.3497471890368222,-0.030955859274720766,0.57736456
13,avg_creative_weight,0.06391089409589767,39,0.6907287962288682,-0.008191473254349858,0.70042586
14,avg_creative_weight,0.06707421690225601,39,0.8474495566979939,-0.11488792701133736,0.87725157
15,avg_creative_weight,0.06968366354703903,38,0.9501023929153407,-0.09599002196458145,1.0649486
16,avg_creative_weight,0.07232372462749481,39,0.8422206034106386,0.10313273049223638,0.9702899
17,avg_creative_weight,0.07535814493894577,38,1.0140526383771584,-0.06274048543444122,1.06469
18,avg_creative_weight,0.07843663543462753,39,0.9030017954435354,0.3044134877633232,1.119832
19,avg_creative_weight,0.08575865626335144,39,1.2594416320931299,-0.4796165014005073,1.0584593
0,mean_female,0.019197571752292496,31,-1.2649952716603445,0.005210462086399737,-1.2663118
1,mean_female,0.034382798859188636,31,-1.1535935017143633,0.03518001885253992,-1.1679585
2,mean_female,0.05543602282001126,31,-0.8873272144126229,0.06576878133698873,-0.88116014
3,mean_female,0.08244896431763966,30,-0.545040538676702,0.059455864371106046,-0.6863588
4,mean_female,0.1190739865264585,31,-0.676197642621739,0.017078571687316073,-0.7469468
5,mean_female,0.16877335646460134,31,-0.3163660199076358,0.09143141832911515,-0.23129842
6,mean_female,0.22013876537481944,30,-0.06311071000281315,-0.022970507495633227,-0.21556807
7,mean_female,0.27599293522296414,31,0.13692244409149698,0.09443112603114395,0.056225624
8,mean_female,0.33432324374875716,31,0.12764981267539857,-0.07536196199263323,0.20676865
9,mean_female,0.3977038331570164,31,0.18373766003587838,0.7424780706859357,0.30832025
10,mean_female,0.4653526782989502,30,0.4166217509454823,-0.12137169888838287,0.24874082
11,mean_female,0.5048443569291022,31,0.9865833528906373,-0.06273704540267286,1.0600102
12,mean_female,0.5160746612856465,31,1.0993862469953246,-0.5650013409107716,0.7489927
13,mean_female,0.557761816183726,30,0.18345412871644703,0.11608222731043491,0.36924902
14,mean_female,0.6068949257173846,31,0.3859381651472197,-0.014872443377411752,0.3798434
15,mean_female,0.6621179234596991,31,0.3496938936760269,-0.054597930238682105,0.5323565
16,mean_female,0.7185781876246135,30,0.4058591335140046,-0.033659488874073995,0.48788446
17,mean_female,0.7778619181725287,31,0.38439754853908475,-0.017906551397124323,0.43114114
18,mean_female,0.837412174670927,31,0.706494913766616,-0.25597050989620185,0.5950652
19,mean_female,0.9127785851878505,31,0.39999032451944744,-0.04195237345811151,0.38663122
0,mean_white,0.5580169082649292,31,-0.48342527717567424,-0.09856841630213523,-0.5109641
1,mean_white,0.6301283682546308,31,-0.333095814342453,-0.1779918697705286,-0.5150945
2,mean_white,0.6640703274357703,31,-0.5822055636418646,0.02920124363909271,-0.63725466
3,mean_white,0.6899541517098745,30,-0.15724997934876997,-0.2979158492576087,-0.22642578
4,mean_white,0.7094597085829704,31,0.11574439043600851,0.12791639526457005,0.20495316
5,mean_white,0.7216618926294388,31,-0.3280616868341811,0.03464337389667239,-0.31700847
6,mean_white,0.7385546267032623,30,0.0874201902601572,0.02334011751212426,0.03533366
7,mean_white,0.750540889078571,31,0.19509699516769005,-0.06544779043615756,0.06427041
8,mean_white,0.7627646019381862,31,0.11187270000630933,0.09032471096591572,0.049326405
9,mean_white,0.7681620717048645,31,1.4450795350017753,-0.1864956283019679,1.5196809
10,mean_white,0.7751280784606933,30,0.22884995215763418,0.076298030573651,0.2980994
11,mean_white,0.7835865789844144,31,0.11037393113300302,0.014292145954926996,0.15510184
12,mean_white,0.7921161459338281,31,0.3991527498564333,0.6212788714223165,0.4290135
13,mean_white,0.7996713817119598,30,-0.16007142940459135,0.09154769140288646,-0.08845149
14,mean_white,0.8083177747264985,31,0.037574371692261466,0.11540843975473462,0.04464366
15,mean_white,0.8183602652242107,31,0.48102241834225085,-0.48462254147698747,0.13712344
16,mean_white,0.8331507225831349,30,-0.21100327418709489,-0.16393567062947031,-0.12900884
17,mean_white,0.8461144701127084,31,-0.09529838605300846,0.12575605531402637,0.055280093
18,mean_white,0.8606655078549539,31,0.2399810156455363,-0.016069574432808573,0.29981717
19,mean_white,0.8919498112893873,31,-0.2613305655822903,0.09310327376854861,-0.262951
0,mean_black,0.01864774714434339,31,0.3851533909595078,0.05879927697424764,0.33792552
1,mean_black,0.029013540535684553,31,0.07977858722497154,-0.04449111690317705,0.0010732758
2,mean_black,0.03416860884716434,31,0.6255944594849772,-0.4911242015192286,0.29356822
3,mean_black,0.03979057321945826,30,-0.19935498302948507,0.14696545651425724,0.0749204
4,mean_black,0.04435540855892243,31,-0.3040410870425564,0.084262392123808,-0.28489655
5,mean_black,0.049570829156906374,31,0.7889938481909674,-0.4040019569531972,0.7347839
6,mean_black,0.05100978041688601,30,1.375414009252606,-0.1985584437009747,1.424979
7,mean_black,0.05376903748800678,31,-0.20232784266745185,0.5270564012863457,-0.25969493
8,mean_black,0.060219755095820275,31,-0.46395419779023195,0.007095599495472852,-0.50251096
9,mean_black,0.06538416661562459,31,0.09823343828439055,0.07947386790222086,0.15226421
10,mean_black,0.07092303534348805,30,0.21024856169689682,-0.04454753342417856,0.16836643
11,mean_black,0.07766587527528886,31,-0.30381107949260955,0.08186813001301443,-0.25688258
12,mean_black,0.08426123160508371,31,0.22040505860367168,0.12404979955690912,0.26809222
13,mean_black,0.08965547854701678,30,-0.2855440093799277,0.03798649505580751,-0.23706086
14,mean_black,0.09519831547814031,31,-0.1442292374803921,0.06194346601054842,-0.13741276
15,mean_black,0.10208282331305166,31,-0.008416288884385776,-0.04932092150598475,-0.030832792
16,mean_black,0.11421493937571843,30,-0.3271648020482247,0.06782007228047464,-0.27696615
17,mean_black,0.13021740629788367,31,-0.12700760300166333,-0.1697082732722659,-0.17382705
18,mean_black,0.15373272713153593,31,-0.31537510687799036,0.04507355021840529,-0.38111076
19,mean_black,0.20639625912712467,31,-0.2303735745831474,0.04046390764877394,-0.26849645
0,mean_asian,0.007835310538329424,31,-1.2127661987620242,0.04401402043374376,-1.2644325
1,mean_asian,0.012938975656945859,31,-0.8218329262123333,0.06703471302775314,-0.83552486
2,mean_asian,0.01696988600756853,31,-1.0592036109342664,0.019452193607499408,-1.1112944
3,mean_asian,0.02103421793629726,30,-1.0432824593951744,0.034949766059509606,-0.9603096
4,mean_asian,0.02448137398929365,31,-0.3959862434867399,0.04851358198678673,-0.36523327
5,mean_asian,0.02916598512280372,31,0.12980522933842298,0.012042365178405545,0.2141444
6,mean_asian,0.03318495309601228,30,0.044762107628102246,0.08886033858542684,0.2577759
7,mean_asian,0.038209839453620296,31,0.3056308120950038,-0.04944476264964646,0.33274952
8,mean_asian,0.04221189646951614,31,0.30908092534420734,0.024034315922983565,0.28096324
9,mean_asian,0.046413051024560004,31,0.03051140400285422,-0.13439978720159756,-0.026716283
10,mean_asian,0.050726328045129776,30,0.23908340756539753,-0.24545914882473524,0.12985007
11,mean_asian,0.054594784133857294,31,0.24908367292881226,0.20890162315580874,0.41031486
12,mean_asian,0.05950011877763656,31,0.5057735452579207,-0.6025537105606441,-0.054849587
13,mean_asian,0.06492103884617488,30,0.1648790041672984,-0.032247257546531474,0.15991876
14,mean_asian,0.07273052560706292,31,0.2184449313698475,0.08049211730566182,0.21213265
15,mean_asian,0.0878481206394011,31,0.3807723980977832,0.09104613477105636,0.4330398
16,mean_asian,0.10623826533555984,30,0.6201024867593582,0.5112155136638511,0.41889587
17,mean_asian,0.11757427886609108,31,1.2299465299122876,-0.05173582380738862,1.328562
18,mean_asian,0.129101199488486,31,0.8378668360837732,-0.15363300481861888,0.7973783
19,mean_asian,0.22034609125506494,31,0.11541890805400819,0.011237397744604215,0.2518808
0,mean_hispanic,0.04359589907671175,31,0.24672573389476543,0.17374449848294915,0.33456478
1,mean_hispanic,0.05732452929500611,31,0.18494194484927967,0.02300230639246919,0.29698747
2,mean_hispanic,0.06436288392832203,31,0.28815457806413247,0.7432692779926635,0.44682282
3,mean_hispanic,0.06755443662405014,30,1.4373214816032518,-0.1962763266258304,1.5041136
4,mean_hispanic,0.07313414446769222,31,0.39643316373127485,0.07240116258642838,0.5331344
5,mean_hispanic,0.08180886939648659,31,0.571636713491144,0.02206661775146942,0.7121124
6,mean_hispanic,0.08882848545908928,30,0.8079699532577085,-0.3369926607950879,0.56222814
7,mean_hispanic,0.09431817815188438,31,0.30389852252857985,0.006380072887649395,0.41316205
8,mean_hispanic,0.09997631465235064,31,0.5228143561910937,-0.2497887728084203,0.2890257
9,mean_hispanic,0.10566161308557756,31,-0.16745628022637796,0.04772335754627858,-0.20214842
10,mean_hispanic,0.10984502509236335,30,0.2706089077917678,-0.07483357311300978,0.30203173
11,mean_hispanic,0.11690598269624095,31,-0.22315509864456218,0.09931597114224568,-0.20337662
12,mean_hispanic,0.12475768188315053,31,0.019828348931421026,0.07893722294635337,0.05419633
13,mean_hispanic,0.13384002099434536,30,-0.18425368544594292,-0.08660673783711882,-0.30243152
14,mean_hispanic,0.1484325042655391,31,-0.10558362932421901,-0.12651523438846696,-0.19504784
15,mean_hispanic,0.161694981398121,31,-0.20021220718444968,-0.07788694531062534,-0.24389938
16,mean_hispanic,0.1759471118450165,30,-0.4525492951249402,0.0038248172900956627,-0.4919776
17,mean_hispanic,0.1982682034853966,31,-0.7543676613654862,-0.07912535674724265,-0.8993802
18,mean_hispanic,0.23945318643123872,31,-0.8263969125021603,0.01961731513238173,-0.92731535
19,mean_hispanic,0.34879776258622447,31,-1.228476148399907,-0.12374944884668819,-1.3229816
