code,title,observed,n_studies,estimate,posterior_std
11-1011.00,Chief Executives,,,0.436,1.008
11-1011.03,Chief Sustainability Officers,,,0.4244,1.0071
11-1021.00,General and Operations Managers,0.0399529596236769,1.0,0.0424,0.0787
11-2011.00,Advertising and Promotions Managers,,,0.4108,1.0138
11-2021.00,Marketing Managers,,,0.4166,1.0083
11-2022.00,Sales Managers,,,0.4322,1.0069
11-2033.00,Fundraising Managers,,,0.4165,1.0066
11-3012.00,Administrative Services Managers,,,0.4193,1.0065
11-3013.00,Facilities Managers,,,0.4207,1.006
11-3013.01,Security Managers,,,0.4445,1.0044
11-3021.00,Computer and Information Systems Managers,,,0.4391,1.0029
11-3031.00,Financial Managers,,,0.4297,1.0037
11-3031.01,Treasurers and Controllers,,,0.4764,1.0031
11-3031.03,Investment Fund Managers,,,0.4802,1.0037
11-3051.00,Industrial Production Managers,,,0.4275,1.0046
11-3051.01,Quality Control Systems Managers,,,0.4267,1.0052
11-3051.02,Geothermal Production Managers,,,0.4186,1.0072
11-3051.03,Biofuels Production Managers,,,0.432,1.0048
11-3051.04,Biomass Power Plant Managers,,,0.4163,1.0063
11-3051.06,Hydroelectric Production Managers,,,0.4257,1.0054
11-3061.00,Purchasing Managers,,,0.4243,1.0063
11-3071.00,Transportation; Storage; and Distribution Managers,,,0.4271,1.0053
11-3071.04,Supply Chain Managers,,,0.4335,1.0056
11-3111.00,Compensation and Benefits Managers,,,0.4224,1.0064
11-3121.00,Human Resources Managers,,,0.4231,1.0081
11-3131.00,Training and Development Managers,,,0.4108,1.0156
11-9013.00,Farmers; Ranchers; and Other Agricultural Managers,,,0.4246,1.0052
11-9021.00,Construction Managers,,,0.4221,1.0062
11-9031.00,Education and Childcare Administrators; Preschool and Daycare,,,0.4145,1.007
11-9032.00,Education Administrators; Kindergarten through Secondary,,,0.4242,1.0099
11-9033.00,Education Administrators; Postsecondary,,,0.4359,1.0052
11-9041.00,Architectural and Engineering Managers,,,0.4259,1.0051
11-9041.01,Biofuels/Biodiesel Technology and Product Development Managers,,,0.4511,1.0015
11-9051.00,Food Service Managers,,,0.4201,1.0096
11-9071.00,Gambling Managers,,,0.4196,1.0073
11-9072.00,Entertainment and Recreation Managers; Except Gambling,,,0.4091,1.0063
11-9081.00,Lodging Managers,,,0.431,1.0051
11-9111.00,Medical and Health Services Managers,,,0.4273,1.0045
11-9121.00,Natural Sciences Managers,,,0.428,1.0047
11-9121.01,Clinical Research Coordinators,,,0.4118,1.0101
11-9121.02,Water Resource Specialists,,,0.4819,1.0025
11-9131.00,Postmasters and Mail Superintendents,,,0.4246,1.0072
11-9141.00,Property; Real Estate; and Community Association Managers,,,0.4396,1.005
11-9151.00,Social and Community Service Managers,,,0.4165,1.0067
11-9161.00,Emergency Management Directors,,,0.4274,1.0076
11-9171.00,Funeral Home Managers,,,0.4128,1.0117
11-9179.01,Fitness and Wellness Coordinators,,,0.4112,1.0071
11-9179.02,Spa Managers,,,0.4216,1.0053
11-9199.01,Regulatory Affairs Managers,,,0.4286,1.0077
11-9199.02,Compliance Managers,,,0.4224,1.0078
11-9199.08,Loss Prevention Managers,,,0.433,1.0054
11-9199.09,Wind Energy Operations Managers,,,0.4192,1.0135
11-9199.10,Wind Energy Development Managers,,,0.4309,1.0119
11-9199.11,Brownfield Redevelopment Specialists and Site Managers,,,0.4381,1.0063
13-1011.00,Agents and Business Managers of Artists; Performers; and Athletes,,,0.3615,1.0058
13-1021.00,Buyers and Purchasing Agents; Farm Products,,,0.4253,1.0047
13-1022.00,Wholesale and Retail Buyers; Except Farm Products,,,0.4214,1.0056
13-1023.00,Purchasing Agents; Except Wholesale; Retail; and Farm Products,,,0.4246,1.0061
13-1031.00,Claims Adjusters; Examiners; and Investigators,,,0.4311,1.0054
13-1032.00,Insurance Appraisers; Auto Damage,,,0.4221,1.0102
13-1041.00,Compliance Officers,,,0.4195,1.0051
13-1041.01,Environmental Compliance Inspectors,,,0.4191,1.0059
13-1041.03,Equal Opportunity Representatives and Officers,,,0.431,1.0089
13-1041.04,Government Property Inspectors and Investigators,,,0.423,1.0075
13-1041.06,Coroners,,,0.4278,1.0059
13-1041.07,Regulatory Affairs Specialists,,,0.4297,1.0066
13-1041.08,Customs Brokers,,,0.422,1.0047
13-1051.00,Cost Estimators,,,0.5014,1.0026
13-1071.00,Human Resources Specialists,,,0.4207,1.0068
13-1074.00,Farm Labor Contractors,,,0.4246,1.0079
13-1075.00,Labor Relations Specialists,,,0.4398,1.0053
13-1081.00,Logisticians,,,0.4274,1.0064
13-1081.01,Logistics Engineers,,,0.4364,1.003
13-1081.02,Logistics Analysts,,,0.4522,1.0022
13-1111.00,Management Analysts,2.140791781015457,1.0,2.1001,0.1546
13-1121.00,Meeting; Convention; and Event Planners,,,0.4132,1.0098
13-1131.00,Fundraisers,,,0.4218,1.0117
13-1141.00,Compensation; Benefits; and Job Analysis Specialists,,,0.4514,1.0039
13-1151.00,Training and Development Specialists,,,0.4158,1.0088
13-1161.00,Market Research Analysts and Marketing Specialists,,,0.4991,1.0022
13-1161.01,Search Marketing Strategists,,,0.4277,1.0039
13-1199.04,Business Continuity Planners,,,0.4235,1.0059
13-1199.05,Sustainability Specialists,,,0.424,1.0073
13-1199.06,Online Merchants,,,0.4364,1.002
13-1199.07,Security Management Specialists,,,0.4265,1.0046
13-2011.00,Accountants and Auditors,,,0.4333,1.0034
13-2022.00,Appraisers of Personal and Business Property,,,0.4415,1.0033
13-2023.00,Appraisers and Assessors of Real Estate,,,0.4433,1.003
13-2031.00,Budget Analysts,,,0.4259,1.0035
13-2041.00,Credit Analysts,,,0.518,1.0029
13-2052.00,Personal Financial Advisors,,,0.47,1.0026
13-2053.00,Insurance Underwriters,,,0.455,1.004
13-2061.00,Financial Examiners,,,0.4536,1.0058
13-2071.00,Credit Counselors,,,0.4234,1.0051
13-2072.00,Loan Officers,,,0.4365,1.0045
13-2081.00,Tax Examiners and Collectors; and Revenue Agents,,,0.4157,1.0078
13-2082.00,Tax Preparers,,,0.4185,1.005
13-2099.01,Financial Quantitative Analysts,0.0011783133481217,2.0,0.0012,0.0047
13-2099.04,Fraud Examiners; Investigators and Analysts,,,0.4634,1.003
15-1211.00,Computer Systems Analysts,,,0.4382,1.0031
15-1211.01,Health Informatics Specialists,,,0.4299,1.0025
15-1212.00,Information Security Analysts,,,0.4282,1.0025
15-1221.00,Computer and Information Research Scientists,,,0.4089,1.0012
15-1231.00,Computer Network Support Specialists,,,0.4338,1.0029
15-1232.00,Computer User Support Specialists,,,0.4299,1.003
15-1241.00,Computer Network Architects,,,0.4363,1.0027
15-1241.01,Telecommunications Engineering Specialists,,,0.432,1.0032
15-1242.00,Database Administrators,,,0.4431,1.0032
15-1243.00,Database Architects,,,0.45,1.0014
15-1243.01,Data Warehousing Specialists,,,0.4622,1.0017
15-1244.00,Network and Computer Systems Administrators,,,0.4411,1.0035
15-1251.00,Computer Programmers,,,0.4258,1.0019
15-1252.00,Software Developers,0.1016504052857313,1.0,0.1022,0.0478
15-1253.00,Software Quality Assurance Analysts and Testers,,,0.4242,1.0022
15-1254.00,Web Developers,,,0.282,1.0012
15-1255.01,Video Game Designers,,,0.1159,1.0016
15-1299.01,Web Administrators,,,0.3914,1.0018
15-1299.02,Geographic Information Systems Technologists and Technicians,,,0.4552,1.0015
15-1299.03,Document Management Specialists,,,0.4201,1.0052
15-1299.05,Information Security Engineers,,,0.4406,1.0029
15-1299.08,Computer Systems Engineers/Architects,,,0.4416,1.0027
15-1299.09,Information Technology Project Managers,,,0.4166,1.0085
15-2011.00,Actuaries,,,0.5142,1.0024
15-2021.00,Mathematicians,,,0.2514,1.0011
15-2031.00,Operations Research Analysts,,,0.4834,1.0019
15-2041.00,Statisticians,,,0.5258,1.0029
15-2041.01,Biostatisticians,,,0.5315,1.0031
15-2051.01,Business Intelligence Analysts,,,0.5093,1.0023
15-2051.02,Clinical Data Managers,,,0.4056,1.0011
15-2099.01,Bioinformatics Technicians,,,0.4456,1.0007
17-1011.00,Architects; Except Landscape and Naval,,,0.3265,1.002
17-1012.00,Landscape Architects,,,0.2822,1.0021
17-1021.00,Cartographers and Photogrammetrists,,,0.4133,1.0034
17-1022.00,Surveyors,,,0.4297,1.0014
17-1022.01,Geodetic Surveyors,,,0.4328,1.0005
17-2011.00,Aerospace Engineers,,,0.3964,1.0006
17-2021.00,Agricultural Engineers,,,0.4311,1.0017
17-2031.00,Bioengineers and Biomedical Engineers,,,0.4075,1.0013
17-2041.00,Chemical Engineers,,,0.4654,1.003
17-2051.00,Civil Engineers,,,0.4636,1.0043
17-2051.01,Transportation Engineers,,,0.463,1.0041
17-2051.02,Water/Wastewater Engineers,,,0.4598,1.0037
17-2061.00,Computer Hardware Engineers,,,0.4142,1.0015
17-2071.00,Electrical Engineers,,,0.4496,1.0025
17-2072.00,Electronics Engineers; Except Computer,,,0.4443,1.0011
17-2072.01,Radio Frequency Identification Device Specialists,,,0.3909,1.0017
17-2081.00,Environmental Engineers,,,0.4421,1.003
17-2111.00,Health and Safety Engineers; Except Mining Safety Engineers and Inspectors,,,0.4287,1.0048
17-2111.02,Fire-Prevention and Protection Engineers,,,0.435,1.0062
17-2112.00,Industrial Engineers,,,0.3911,1.0017
17-2112.01,Human Factors Engineers and Ergonomists,,,0.4367,1.0038
17-2112.02,Validation Engineers,,,0.427,1.0146
17-2112.03,Manufacturing Engineers,,,0.4274,1.0024
17-2121.00,Marine Engineers and Naval Architects,,,0.4247,1.0048
17-2131.00,Materials Engineers,,,0.4219,1.0023
17-2141.00,Mechanical Engineers,,,0.3304,1.0023
17-2141.01,Fuel Cell Engineers,,,0.4556,1.0021
17-2141.02,Automotive Engineers,,,0.4566,1.002
17-2151.00,Mining and Geological Engineers; Including Mining Safety Engineers,,,0.45,1.0026
17-2161.00,Nuclear Engineers,,,0.4393,1.0068
17-2171.00,Petroleum Engineers,,,0.4367,1.0022
17-2199.03,Energy Engineers; Except Wind and Solar,,,0.4273,1.0019
17-2199.05,Mechatronics Engineers,,,0.4103,1.0018
17-2199.06,Microsystems Engineers,,,0.3993,1.0026
17-2199.07,Photonics Engineers,,,0.4349,1.0013
17-2199.08,Robotics Engineers,,,0.3113,1.0015
17-2199.09,Nanosystems Engineers,,,0.4571,1.002
17-2199.10,Wind Energy Engineers,,,0.4435,1.002
17-2199.11,Solar Energy Systems Engineers,,,0.4397,1.0042
17-3011.00,Architectural and Civil Drafters,,,0.4049,1.003
17-3012.00,Electrical and Electronics Drafters,,,0.4233,1.003
17-3013.00,Mechanical Drafters,,,0.3796,1.0018
17-3021.00,Aerospace Engineering and Operations Technologists and Technicians,,,0.4044,1.0051
17-3022.00,Civil Engineering Technologists and Technicians,,,0.4122,1.0021
17-3023.00,Electrical and Electronic Engineering Technologists and Technicians,,,0.422,1.0023
17-3024.00,Electro-Mechanical and Mechatronics Technologists and Technicians,,,0.4127,1.0072
17-3024.01,Robotics Technicians,,,0.4183,1.0037
17-3025.00,Environmental Engineering Technologists and Technicians,,,0.4182,1.0047
17-3026.00,Industrial Engineering Technologists and Technicians,,,0.3279,1.0022
17-3026.01,Nanotechnology Engineering Technologists and Technicians,,,0.4248,1.0044
17-3027.00,Mechanical Engineering Technologists and Technicians,,,0.4228,1.0024
17-3027.01,Automotive Engineering Technicians,,,0.4152,1.0034
17-3029.01,Non-Destructive Testing Specialists,,,0.42,1.0262
17-3029.08,Photonics Technicians,,,0.4153,1.0074
17-3031.00,Surveying and Mapping Technicians,,,0.4218,1.0019
19-1011.00,Animal Scientists,,,0.4559,1.0019
19-1012.00,Food Scientists and Technologists,,,0.4002,1.0037
19-1013.00,Soil and Plant Scientists,,,0.4286,1.0018
19-1021.00,Biochemists and Biophysicists,,,0.4313,1.0016
19-1022.00,Microbiologists,,,0.4321,1.0023
19-1023.00,Zoologists and Wildlife Biologists,,,0.427,1.0047
19-1029.01,Bioinformatics Scientists,,,0.299,1.0009
19-1029.02,Molecular and Cellular Biologists,,,0.3983,1.0023
19-1029.03,Geneticists,,,0.4323,1.0046
19-1029.04,Biologists,,,0.4238,1.0014
19-1031.00,Conservation Scientists,,,0.4697,1.0023
19-1031.02,Range Managers,,,0.4278,1.005
19-1031.03,Park Naturalists,,,0.4104,1.0155
19-1032.00,Foresters,,,0.4376,1.0045
19-1041.00,Epidemiologists,,,0.5368,1.0033
19-1042.00,Medical Scientists; Except Epidemiologists,,,0.3319,1.0024
19-2011.00,Astronomers,,,0.4713,1.0018
19-2012.00,Physicists,,,0.4407,1.0015
19-2021.00,Atmospheric and Space Scientists,,,0.5237,1.0029
19-2031.00,Chemists,,,0.42,1.0032
19-2032.00,Materials Scientists,,,0.4253,1.0019
19-2041.00,Environmental Scientists and Specialists; Including Health,,,0.4429,1.0052
19-2041.01,Climate Change Policy Analysts,,,0.4496,1.0055
19-2041.02,Environmental Restoration Planners,,,0.4357,1.0042
19-2041.03,Industrial Ecologists,,,0.4888,1.0031
19-2042.00,Geoscientists; Except Hydrologists and Geographers,,,0.47,1.0024
19-2043.00,Hydrologists,,,0.5141,1.0028
19-2099.01,Remote Sensing Scientists and Technologists,,,0.4431,1.0008
19-3011.00,Economists,,,0.5176,1.0028
19-3011.01,Environmental Economists,,,0.5364,1.0038
19-3022.00,Survey Researchers,,,0.4532,1.0009
19-3032.00,Industrial-Organizational Psychologists,,,0.4455,1.0034
19-3033.00,Clinical and Counseling Psychologists,,,0.4368,1.0062
19-3034.00,School Psychologists,,,0.4261,1.0077
19-3039.02,Neuropsychologists,,,0.4268,1.0009
19-3039.03,Clinical Neuropsychologists,,,0.478,1.0025
19-3041.00,Sociologists,,,0.4567,1.0039
19-3051.00,Urban and Regional Planners,,,0.4418,1.0063
19-3091.00,Anthropologists and Archeologists,,,0.4251,1.0053
19-3092.00,Geographers,,,0.4415,1.0014
19-3093.00,Historians,,,0.4205,1.007
19-3094.00,Political Scientists,,,0.4652,1.0026
19-3099.01,Transportation Planners,,,0.459,1.0034
19-4012.00,Agricultural Technicians,,,0.4178,1.0057
19-4012.01,Precision Agriculture Technicians,,,0.4372,1.003
19-4013.00,Food Science Technicians,,,0.4154,1.0059
19-4021.00,Biological Technicians,,,0.4133,1.0021
19-4031.00,Chemical Technicians,,,0.4138,1.0023
19-4042.00,Environmental Science and Protection Technicians; Including Health,,,0.4123,1.0038
19-4043.00,Geological Technicians; Except Hydrologic Technicians,,,0.4119,1.0022
19-4051.00,Nuclear Technicians,,,0.4119,1.0162
19-4051.02,Nuclear Monitoring Technicians,,,0.4111,1.0047
19-4061.00,Social Science Research Assistants,,,0.4343,1.0004
19-4071.00,Forest and Conservation Technicians,,,0.43,1.005
19-4092.00,Forensic Science Technicians,,,0.4186,1.0041
19-4099.01,Quality Control Analysts,,,0.4158,1.0035
19-4099.03,Remote Sensing Technicians,,,0.4168,1.0015
19-5011.00,Occupational Health and Safety Specialists,,,0.4397,1.0037
19-5012.00,Occupational Health and Safety Technicians,,,0.4197,1.0063
21-1011.00,Substance Abuse and Behavioral Disorder Counselors,,,0.4086,1.0029
21-1012.00,Educational; Guidance; and Career Counselors and Advisors,,,0.4339,1.0054
21-1013.00,Marriage and Family Therapists,,,0.4223,1.0108
21-1014.00,Mental Health Counselors,,,0.4147,1.0116
21-1015.00,Rehabilitation Counselors,,,0.4202,1.0061
21-1021.00,Child; Family; and School Social Workers,,,0.418,1.0072
21-1022.00,Healthcare Social Workers,,,0.4171,1.0166
21-1023.00,Mental Health and Substance Abuse Social Workers,,,0.422,1.0058
21-1091.00,Health Education Specialists,,,0.4253,1.0064
21-1092.00,Probation Officers and Correctional Treatment Specialists,,,0.4172,1.0051
21-1093.00,Social and Human Service Assistants,,,0.4106,1.0067
21-1094.00,Community Health Workers,,,0.4194,1.0104
21-2011.00,Clergy,,,0.4159,1.0094
21-2021.00,Directors; Religious Activities and Education,,,0.4108,1.0074
23-1011.00,Lawyers,0.3070154980364161,2.0,0.3116,0.1791
23-1012.00,Judicial Law Clerks,,,0.4386,1.0098
23-1021.00,Administrative Law Judges; Adjudicators; and Hearing Officers,,,0.4551,1.0048
23-1022.00,Arbitrators; Mediators; and Conciliators,,,0.4761,1.004
23-1023.00,Judges; Magistrate Judges; and Magistrates,,,0.4784,1.0058
23-2011.00,Paralegals and Legal Assistants,,,0.4241,1.0057
23-2093.00,Title Examiners; Abstractors; and Searchers,,,0.4168,1.0055
25-1011.00,Business Teachers; Postsecondary,,,0.4052,1.0349
25-1021.00,Computer Science Teachers; Postsecondary,,,0.3709,1.0065
25-1022.00,Mathematical Science Teachers; Postsecondary,,,0.4094,1.0232
25-1031.00,Architecture Teachers; Postsecondary,,,0.3926,1.0063
25-1032.00,Engineering Teachers; Postsecondary,,,0.3004,1.0023
25-1041.00,Agricultural Sciences Teachers; Postsecondary,,,0.4141,1.007
25-1042.00,Biological Science Teachers; Postsecondary,,,0.395,1.0049
25-1043.00,Forestry and Conservation Science Teachers; Postsecondary,,,0.4136,1.0043
25-1051.00,Atmospheric; Earth; Marine; and Space Sciences Teachers; Postsecondary,,,0.4073,1.0114
25-1052.00,Chemistry Teachers; Postsecondary,,,0.4129,1.0265
25-1053.00,Environmental Science Teachers; Postsecondary,,,0.4081,1.0079
25-1054.00,Physics Teachers; Postsecondary,,,0.3949,1.0094
25-1061.00,Anthropology and Archeology Teachers; Postsecondary,,,0.4527,1.0034
25-1062.00,Area; Ethnic; and Cultural Studies Teachers; Postsecondary,,,0.3811,1.0132
25-1063.00,Economics Teachers; Postsecondary,,,0.4005,1.0067
25-1064.00,Geography Teachers; Postsecondary,,,0.4389,1.0028
25-1065.00,Political Science Teachers; Postsecondary,,,0.426,1.0037
25-1066.00,Psychology Teachers; Postsecondary,,,0.4354,1.0191
25-1067.00,Sociology Teachers; Postsecondary,,,0.4227,1.0008
25-1071.00,Health Specialties Teachers; Postsecondary,,,0.409,1.0061
25-1072.00,Nursing Instructors and Teachers; Postsecondary,,,0.416,1.0089
25-1081.00,Education Teachers; Postsecondary,,,0.4069,1.0223
25-1082.00,Library Science Teachers; Postsecondary,,,0.4067,1.0106
25-1111.00,Criminal Justice and Law Enforcement Teachers; Postsecondary,,,0.3694,1.007
25-1112.00,Law Teachers; Postsecondary,,,0.4078,1.0282
25-1113.00,Social Work Teachers; Postsecondary,,,0.4109,1.0073
25-1121.00,Art; Drama; and Music Teachers; Postsecondary,,,0.2506,1.0031
25-1122.00,Communications Teachers; Postsecondary,,,0.3707,1.0031
25-1123.00,English Language and Literature Teachers; Postsecondary,,,0.3988,1.0071
25-1124.00,Foreign Language and Literature Teachers; Postsecondary,,,0.3727,1.0247
25-1125.00,History Teachers; Postsecondary,,,0.4062,1.0046
25-1126.00,Philosophy and Religion Teachers; Postsecondary,,,0.4194,1.0226
25-1192.00,Family and Consumer Sciences Teachers; Postsecondary,,,0.4091,1.0252
25-1193.00,Recreation and Fitness Studies Teachers; Postsecondary,,,0.42,1.007
25-1194.00,Career/Technical Education Teachers; Postsecondary,,,0.4102,1.0172
25-2011.00,Preschool Teachers; Except Special Education,,,0.413,1.0092
25-2012.00,Kindergarten Teachers; Except Special Education,,,0.3725,1.0073
25-2021.00,Elementary School Teachers; Except Special Education,,,0.4022,1.0094
25-2022.00,Middle School Teachers; Except Special and Career/Technical Education,,,0.3569,1.0049
25-2023.00,Career/Technical Education Teachers; Middle School,,,0.3774,1.004
25-2031.00,Secondary School Teachers; Except Special and Career/Technical Education,,,0.4108,1.0093
25-2032.00,Career/Technical Education Teachers; Secondary School,,,0.3824,1.0064
25-2051.00,Special Education Teachers; Preschool,,,0.4157,1.0058
25-2056.00,Special Education Teachers; Elementary School,,,0.4156,1.0078
25-2057.00,Special Education Teachers; Middle School,,,0.418,1.0085
25-2058.00,Special Education Teachers; Secondary School,,,0.4128,1.0068
25-2059.01,Adapted Physical Education Specialists,,,0.3895,1.0078
25-3011.00,Adult Basic Education; Adult Secondary Education; and English as a Second Language Instructors,,,0.3068,1.0027
25-3021.00,Self-Enrichment Teachers,,,0.3978,1.0266
25-3031.00,Substitute Teachers; Short-Term,,,0.4191,1.0102
25-3041.00,Tutors,,,0.4169,1.0101
25-4011.00,Archivists,,,0.397,1.0037
25-4012.00,Curators,,,0.372,1.0042
25-4013.00,Museum Technicians and Conservators,,,0.4108,1.0105
25-4022.00,Librarians and Media Collections Specialists,,,0.4149,1.0057
25-4031.00,Library Technicians,,,0.4165,1.0053
25-9021.00,Farm and Home Management Educators,,,0.4187,1.0132
25-9031.00,Instructional Coordinators,,,0.4189,1.0085
25-9042.00,Teaching Assistants; Preschool; Elementary; Middle; and Secondary School; Except Special Education,,,0.2781,1.003
25-9043.00,Teaching Assistants; Special Education,,,0.4187,1.0062
25-9044.00,Teaching Assistants; Postsecondary,,,0.4124,1.0085
27-1011.00,Art Directors,,,0.1261,1.0016
27-1012.00,Craft Artists,,,0.1191,1.0016
27-1013.00,Fine Artists; Including Painters; Sculptors; and Illustrators,,,0.0942,1.0018
27-1014.00,Special Effects Artists and Animators,,,0.2517,1.0024
27-1021.00,Commercial and Industrial Designers,,,0.3731,1.0043
27-1022.00,Fashion Designers,,,0.1153,1.0017
27-1023.00,Floral Designers,,,0.3101,1.004
27-1024.00,Graphic Designers,,,0.1289,1.0016
27-1025.00,Interior Designers,,,0.2451,1.0018
27-1026.00,Merchandise Displayers and Window Trimmers,,,0.4041,1.0131
27-1027.00,Set and Exhibit Designers,,,0.1467,1.0016
27-2011.00,Actors,,,0.3709,1.008
27-2012.00,Producers and Directors,,,0.2945,1.0024
27-2012.03,Media Programming Directors,,,0.3466,1.0063
27-2012.04,Talent Directors,,,0.3981,1.0085
27-2012.05,Media Technical Directors/Managers,,,0.4198,1.0069
27-2021.00,Athletes and Sports Competitors,,,0.431,1.0067
27-2022.00,Coaches and Scouts,,,0.4186,1.0098
27-2023.00,Umpires; Referees; and Other Sports Officials,,,0.4359,1.0044
27-2031.00,Dancers,,,0.4107,1.0249
27-2032.00,Choreographers,,,0.1788,1.0023
27-2041.00,Music Directors and Composers,,,0.2025,1.002
27-2042.00,Musicians and Singers,,,0.4065,1.017
27-3011.00,Broadcast Announcers and Radio Disc Jockeys,,,0.3664,1.0119
27-3023.00,News Analysts; Reporters; and Journalists,,,0.4228,1.0218
27-3031.00,Public Relations Specialists,,,0.4191,1.0188
27-3041.00,Editors,,,0.377,1.004
27-3042.00,Technical Writers,,,0.427,1.0027
27-3043.00,Writers and Authors,,,0.4148,1.0168
27-3043.05,Poets; Lyricists and Creative Writers,,,0.1027,1.0017
27-3091.00,Interpreters and Translators,0.1428213779044123,1.0,0.1433,0.0365
27-3092.00,Court Reporters and Simultaneous Captioners,,,0.3715,1.0092
27-4011.00,Audio and Video Technicians,,,0.3366,1.0034
27-4012.00,Broadcast Technicians,,,0.4176,1.0045
27-4014.00,Sound Engineering Technicians,,,0.2839,1.0013
27-4021.00,Photographers,,,0.3175,1.0047
27-4031.00,Camera Operators; Television; Video; and Film,,,0.2658,1.0023
27-4032.00,Film and Video Editors,,,0.2746,1.0016
29-1011.00,Chiropractors,,,0.4243,1.0106
29-1021.00,Dentists; General,,,0.4201,1.0053
29-1022.00,Oral and Maxillofacial Surgeons,,,0.423,1.0088
29-1023.00,Orthodontists,,,0.4446,1.0045
29-1024.00,Prosthodontists,,,0.4145,1.007
29-1031.00,Dietitians and Nutritionists,,,0.4221,1.0051
29-1041.00,Optometrists,,,0.4396,1.0039
29-1051.00,Pharmacists,,,0.4182,1.0056
29-1071.00,Physician Assistants,,,0.4242,1.0108
29-1071.01,Anesthesiologist Assistants,,,0.426,1.0066
29-1081.00,Podiatrists,,,0.4128,1.013
29-1122.00,Occupational Therapists,,,0.4063,1.0065
29-1122.01,Low Vision Therapists; Orientation and Mobility Specialists; and Vision Rehabilitation Therapists,,,0.4252,1.0056
29-1123.00,Physical Therapists,,,0.4174,1.0148
29-1124.00,Radiation Therapists,,,0.4146,1.0082
29-1125.00,Recreational Therapists,,,0.3987,1.0127
29-1126.00,Respiratory Therapists,,,0.415,1.0109
29-1127.00,Speech-Language Pathologists,,,0.4189,1.0053
29-1128.00,Exercise Physiologists,,,0.4193,1.0091
29-1129.01,Art Therapists,,,0.2438,1.0029
29-1129.02,Music Therapists,,,0.2927,1.0046
29-1131.00,Veterinarians,,,0.4801,1.0058
29-1141.00,Registered Nurses,,,0.417,1.0067
29-1141.01,Acute Care Nurses,,,0.4236,1.0103
29-1141.02,Advanced Practice Psychiatric Nurses,,,0.4172,1.0101
29-1141.03,Critical Care Nurses,,,0.4177,1.0206
29-1141.04,Clinical Nurse Specialists,,,0.417,1.0067
29-1151.00,Nurse Anesthetists,,,0.4224,1.013
29-1161.00,Nurse Midwives,,,0.4194,1.0093
29-1171.00,Nurse Practitioners,,,0.4353,1.005
29-1181.00,Audiologists,,,0.4224,1.0054
29-1211.00,Anesthesiologists,,,0.4539,1.0057
29-1213.00,Dermatologists,,,0.4242,1.0092
29-1214.00,Emergency Medicine Physicians,,,0.4465,1.0065
29-1215.00,Family Medicine Physicians,,,0.415,1.0078
29-1216.00,General Internal Medicine Physicians,,,0.4221,1.0097
29-1217.00,Neurologists,,,0.4513,1.0037
29-1218.00,Obstetricians and Gynecologists,,,0.4395,1.0091
29-1221.00,Pediatricians; General,,,0.423,1.0132
29-1222.00,Physicians; Pathologists,,,0.4197,1.0035
29-1223.00,Psychiatrists,,,0.4384,1.0063
29-1224.00,Radiologists,,,0.4237,1.008
29-1229.01,Allergists and Immunologists,,,0.438,1.0058
29-1229.02,Hospitalists,,,0.432,1.0104
29-1229.03,Urologists,,,0.4277,1.0058
29-1229.04,Physical Medicine and Rehabilitation Physicians,,,0.4324,1.0054
29-1229.05,Preventive Medicine Physicians,,,0.4444,1.0028
29-1229.06,Sports Medicine Physicians,,,0.4485,1.0083
29-1241.00,Ophthalmologists; Except Pediatric,,,0.4387,1.0047
29-1291.00,Acupuncturists,,,0.4171,1.014
29-1292.00,Dental Hygienists,,,0.4218,1.0097
29-1299.01,Naturopathic Physicians,,,0.4412,1.0068
29-1299.02,Orthoptists,,,0.4232,1.0055
29-2011.00,Medical and Clinical Laboratory Technologists,,,0.4471,1.0041
29-2011.01,Cytogenetic Technologists,,,0.4232,1.0056
29-2011.02,Cytotechnologists,,,0.4047,1.0053
29-2011.04,Histotechnologists,,,0.4203,1.0053
29-2012.00,Medical and Clinical Laboratory Technicians,,,0.4199,1.0021
29-2012.01,Histology Technicians,,,0.4243,1.0052
29-2031.00,Cardiovascular Technologists and Technicians,,,0.4142,1.0152
29-2032.00,Diagnostic Medical Sonographers,,,0.4165,1.0052
29-2033.00,Nuclear Medicine Technologists,,,0.4158,1.0131
29-2034.00,Radiologic Technologists and Technicians,,,0.4162,1.0223
29-2035.00,Magnetic Resonance Imaging Technologists,,,0.4143,1.0089
29-2036.00,Medical Dosimetrists,,,0.4261,1.002
29-2051.00,Dietetic Technicians,,,0.4168,1.0103
29-2052.00,Pharmacy Technicians,,,0.4169,1.0046
29-2053.00,Psychiatric Technicians,,,0.4165,1.0205
29-2055.00,Surgical Technologists,,,0.4165,1.0079
29-2056.00,Veterinary Technologists and Technicians,,,0.4161,1.0115
29-2057.00,Ophthalmic Medical Technicians,,,0.4131,1.0075
29-2061.00,Licensed Practical and Licensed Vocational Nurses,,,0.4145,1.0101
29-2081.00,Opticians; Dispensing,,,0.4159,1.0106
29-2091.00,Orthotists and Prosthetists,,,0.4156,1.0072
29-2092.00,Hearing Aid Specialists,,,0.4178,1.0059
29-2099.01,Neurodiagnostic Technologists,,,0.4185,1.0089
29-2099.05,Ophthalmic Medical Technologists,,,0.4125,1.007
29-2099.08,Patient Representatives,,,0.4166,1.0059
29-9091.00,Athletic Trainers,,,0.4158,1.0213
29-9092.00,Genetic Counselors,,,0.4602,1.0081
29-9093.00,Surgical Assistants,,,0.4175,1.0181
29-9099.01,Midwives,,,0.4195,1.0136
31-1121.00,Home Health Aides,,,0.414,1.0175
31-1122.00,Personal Care Aides,,,0.4162,1.0217
31-1131.00,Nursing Assistants,,,0.4148,1.0109
31-1132.00,Orderlies,,,0.413,1.0136
31-1133.00,Psychiatric Aides,,,0.4126,1.0152
31-2011.00,Occupational Therapy Assistants,,,0.404,1.009
31-2012.00,Occupational Therapy Aides,,,0.4152,1.0134
31-2021.00,Physical Therapist Assistants,,,0.4106,1.0113
31-2022.00,Physical Therapist Aides,,,0.415,1.0156
31-9011.00,Massage Therapists,,,0.4142,1.0137
31-9091.00,Dental Assistants,,,0.4202,1.0072
31-9092.00,Medical Assistants,,,0.4163,1.0043
31-9093.00,Medical Equipment Preparers,,,0.4151,1.009
31-9094.00,Medical Transcriptionists,,,0.4025,1.0037
31-9095.00,Pharmacy Aides,,,0.425,1.004
31-9096.00,Veterinary Assistants and Laboratory Animal Caretakers,,,0.4141,1.0093
31-9097.00,Phlebotomists,,,0.414,1.0054
31-9099.01,Speech-Language Pathology Assistants,,,0.4033,1.0075
31-9099.02,Endoscopy Technicians,,,0.4159,1.0106
33-1011.00,First-Line Supervisors of Correctional Officers,,,0.4107,1.0051
33-1012.00,First-Line Supervisors of Police and Detectives,,,0.4236,1.0052
33-1021.00,First-Line Supervisors of Firefighting and Prevention Workers,,,0.4313,1.0061
33-1091.00,First-Line Supervisors of Security Workers,,,0.4331,1.0147
33-2011.00,Firefighters,,,0.4166,1.0088
33-2021.00,Fire Inspectors and Investigators,,,0.4183,1.0073
33-2022.00,Forest Fire Inspectors and Prevention Specialists,,,0.4145,1.0119
33-3011.00,Bailiffs,,,0.4285,1.0065
33-3012.00,Correctional Officers and Jailers,,,0.4209,1.004
33-3021.00,Detectives and Criminal Investigators,,,0.4263,1.0057
33-3021.02,Police Identification and Records Officers,,,0.4225,1.004
33-3021.06,Intelligence Analysts,,,0.4388,1.0025
33-3031.00,Fish and Game Wardens,,,0.4345,1.0068
33-3041.00,Parking Enforcement Workers,,,0.4144,1.0081
33-3051.00,Police and Sheriff's Patrol Officers,,,0.4271,1.0106
33-3051.04,Customs and Border Protection Officers,,,0.4273,1.0041
33-3052.00,Transit and Railroad Police,,,0.4048,1.0093
33-9011.00,Animal Control Workers,,,0.4348,1.0057
33-9021.00,Private Detectives and Investigators,,,0.424,1.0037
33-9031.00,Gambling Surveillance Officers and Gambling Investigators,,,0.4094,1.0063
33-9032.00,Security Guards,,,0.4205,1.0062
33-9091.00,Crossing Guards and Flaggers,,,0.4176,1.0073
33-9092.00,Lifeguards; Ski Patrol; and Other Recreational Protective Service Workers,,,0.414,1.0157
33-9093.00,Transportation Security Screeners,,,0.4163,1.009
33-9099.02,Retail Loss Prevention Specialists,,,0.4265,1.0037
35-1011.00,Chefs and Head Cooks,,,0.4091,1.0071
35-1012.00,First-Line Supervisors of Food Preparation and Serving Workers,,,0.4228,1.0063
35-2011.00,Cooks; Fast Food,,,0.4106,1.0065
35-2012.00,Cooks; Institution and Cafeteria,,,0.4203,1.0062
35-2013.00,Cooks; Private Household,,,0.4042,1.0073
35-2014.00,Cooks; Restaurant,,,0.4106,1.0126
35-2015.00,Cooks; Short Order,,,0.4178,1.0042
35-2021.00,Food Preparation Workers,,,0.424,1.0059
35-3011.00,Bartenders,,,0.4176,1.0104
35-3023.00,Fast Food and Counter Workers,,,0.4169,1.008
35-3023.01,Baristas,,,0.4166,1.0106
35-3031.00,Waiters and Waitresses,,,0.4131,1.0131
35-3041.00,Food Servers; Nonrestaurant,,,0.4161,1.0092
35-9011.00,Dining Room and Cafeteria Attendants and Bartender Helpers,,,0.4152,1.0076
35-9021.00,Dishwashers,,,0.4162,1.0077
35-9031.00,Hosts and Hostesses; Restaurant; Lounge; and Coffee Shop,,,0.4209,1.01
37-1011.00,First-Line Supervisors of Housekeeping and Janitorial Workers,,,0.4226,1.0066
37-1012.00,First-Line Supervisors of Landscaping; Lawn Service; and Groundskeeping Workers,,,0.4139,1.0086
37-2011.00,Janitors and Cleaners; Except Maids and Housekeeping Cleaners,,,0.415,1.0054
37-2012.00,Maids and Housekeeping Cleaners,,,0.4148,1.0083
37-2021.00,Pest Control Workers,,,0.4205,1.0059
37-3011.00,Landscaping and Groundskeeping Workers,,,0.4104,1.0137
37-3012.00,Pesticide Handlers; Sprayers; and Applicators; Vegetation,,,0.4137,1.0101
37-3013.00,Tree Trimmers and Pruners,,,0.4162,1.0178
39-1013.00,First-Line Supervisors of Gambling Services Workers,,,0.4115,1.0296
39-1022.00,First-Line Supervisors of Personal Service Workers,,,0.4247,1.007
39-2011.00,Animal Trainers,,,0.4072,1.0064
39-2021.00,Animal Caretakers,,,0.412,1.0135
39-3011.00,Gambling Dealers,,,0.4139,1.0181
39-3012.00,Gambling and Sports Book Writers and Runners,,,0.4125,1.0244
39-3021.00,Motion Picture Projectionists,,,0.4219,1.0048
39-3031.00,Ushers; Lobby Attendants; and Ticket Takers,,,0.4138,1.0167
39-3091.00,Amusement and Recreation Attendants,,,0.4108,1.0282
39-3092.00,Costume Attendants,,,0.3681,1.0109
39-3093.00,Locker Room; Coatroom; and Dressing Room Attendants,,,0.4183,1.0124
39-4011.00,Embalmers,,,0.4148,1.0114
39-4021.00,Funeral Attendants,,,0.4134,1.0105
39-4031.00,Morticians; Undertakers; and Funeral Arrangers,,,0.4166,1.0092
39-5011.00,Barbers,,,0.4053,1.0262
39-5012.00,Hairdressers; Hairstylists; and Cosmetologists,,,0.3981,1.013
39-5091.00,Makeup Artists; Theatrical and Performance,,,0.3084,1.0051
39-5092.00,Manicurists and Pedicurists,,,0.4104,1.0102
39-5093.00,Shampooers,,,0.4128,1.0086
39-5094.00,Skincare Specialists,,,0.4197,1.0089
39-6011.00,Baggage Porters and Bellhops,,,0.4121,1.0137
39-6012.00,Concierges,,,0.415,1.0068
39-7011.00,Tour Guides and Escorts,,,0.4143,1.0181
39-7012.00,Travel Guides,,,0.4148,1.0135
39-9011.00,Childcare Workers,,,0.3933,1.0118
39-9011.01,Nannies,,,0.4153,1.0147
39-9031.00,Exercise Trainers and Group Fitness Instructors,,,0.3978,1.0126
39-9032.00,Recreation Workers,,,0.3796,1.0047
39-9041.00,Residential Advisors,,,0.4183,1.0112
41-1011.00,First-Line Supervisors of Retail Sales Workers,,,0.421,1.0083
41-1012.00,First-Line Supervisors of Non-Retail Sales Workers,,,0.4418,1.0059
41-2011.00,Cashiers,,,0.4174,1.0112
41-2012.00,Gambling Change Persons and Booth Cashiers,,,0.4196,1.009
41-2021.00,Counter and Rental Clerks,,,0.4117,1.02
41-2022.00,Parts Salespersons,,,0.4203,1.0081
41-2031.00,Retail Salespersons,,,0.4124,1.0255
41-3011.00,Advertising Sales Agents,,,0.4101,1.0212
41-3021.00,Insurance Sales Agents,,,0.4194,1.0068
41-3031.00,Securities; Commodities; and Financial Services Sales Agents,,,0.431,1.0042
41-3041.00,Travel Agents,,,0.4211,1.0048
41-4011.00,Sales Representatives; Wholesale and Manufacturing; Technical and Scientific Products,,,0.423,1.0135
41-4011.07,Solar Sales Representatives and Assessors,,,0.4229,1.0053
41-4012.00,Sales Representatives; Wholesale and Manufacturing; Except Technical and Scientific Products,,,0.4258,1.0044
41-9011.00,Demonstrators and Product Promoters,,,0.413,1.0242
41-9012.00,Models,,,0.4084,1.0291
41-9021.00,Real Estate Brokers,,,0.4204,1.0063
41-9022.00,Real Estate Sales Agents,0.5802411227104969,1.0,0.5713,0.2379
41-9031.00,Sales Engineers,,,0.4167,1.0082
41-9041.00,Telemarketers,,,0.4226,1.007
41-9091.00,Door-to-Door Sales Workers; News and Street Vendors; and Related Workers,,,0.4173,1.012
43-1011.00,First-Line Supervisors of Office and Administrative Support Workers,,,0.4224,1.0021
43-2011.00,Switchboard Operators; Including Answering Service,,,0.4151,1.0066
43-2021.00,Telephone Operators,,,0.4169,1.0077
43-3011.00,Bill and Account Collectors,,,0.415,1.0074
43-3021.00,Billing and Posting Clerks,,,0.414,1.0041
43-3031.00,Bookkeeping; Accounting; and Auditing Clerks,,,0.4221,1.004
43-3041.00,Gambling Cage Workers,,,0.4245,1.0048
43-3051.00,Payroll and Timekeeping Clerks,,,0.4059,1.0012
43-3061.00,Procurement Clerks,,,0.421,1.0058
43-3071.00,Tellers,,,0.4219,1.0068
43-4011.00,Brokerage Clerks,,,0.4224,1.0059
43-4021.00,Correspondence Clerks,,,0.4175,1.005
43-4031.00,Court; Municipal; and License Clerks,,,0.4168,1.0038
43-4041.00,Credit Authorizers; Checkers; and Clerks,,,0.4223,1.0045
43-4051.00,Customer Service Representatives,0.0338355837531232,1.0,0.034,0.023
43-4061.00,Eligibility Interviewers; Government Programs,,,0.4135,1.0094
43-4071.00,File Clerks,,,0.4335,1.0028
43-4081.00,Hotel; Motel; and Resort Desk Clerks,,,0.4194,1.0145
43-4111.00,Interviewers; Except Eligibility and Loan,,,0.4297,1.0054
43-4121.00,Library Assistants; Clerical,,,0.418,1.005
43-4131.00,Loan Interviewers and Clerks,,,0.4271,1.0041
43-4141.00,New Accounts Clerks,,,0.4227,1.0072
43-4151.00,Order Clerks,,,0.414,1.0055
43-4161.00,Human Resources Assistants; Except Payroll and Timekeeping,,,0.4143,1.0049
43-4171.00,Receptionists and Information Clerks,,,0.4253,1.0059
43-4181.00,Reservation and Transportation Ticket Agents and Travel Clerks,,,0.4253,1.0099
43-5011.00,Cargo and Freight Agents,,,0.4198,1.0046
43-5011.01,Freight Forwarders,,,0.4143,1.0042
43-5021.00,Couriers and Messengers,,,0.4136,1.0073
43-5031.00,Public Safety Telecommunicators,,,0.4158,1.0091
43-5032.00,Dispatchers; Except Police; Fire; and Ambulance,,,0.4215,1.0064
43-5041.00,Meter Readers; Utilities,,,0.4112,1.009
43-5051.00,Postal Service Clerks,,,0.4161,1.0063
43-5052.00,Postal Service Mail Carriers,,,0.412,1.0162
43-5053.00,Postal Service Mail Sorters; Processors; and Processing Machine Operators,,,0.4125,1.016
43-5061.00,Production; Planning; and Expediting Clerks,,,0.4219,1.0048
43-5071.00,Shipping; Receiving; and Inventory Clerks,,,0.412,1.0119
43-5111.00,Weighers; Measurers; Checkers; and Samplers; Recordkeeping,,,0.4115,1.0052
43-6011.00,Executive Secretaries and Executive Administrative Assistants,,,0.4144,1.0099
43-6012.00,Legal Secretaries and Administrative Assistants,,,0.4189,1.0053
43-6013.00,Medical Secretaries and Administrative Assistants,,,0.4164,1.0045
43-6014.00,Secretaries and Administrative Assistants; Except Legal; Medical; and Executive,,,0.4156,1.0067
43-9021.00,Data Entry Keyers,,,0.4046,1.0012
43-9022.00,Word Processors and Typists,,,0.4143,1.0081
43-9031.00,Desktop Publishers,,,0.3552,1.0018
43-9041.00,Insurance Claims and Policy Processing Clerks,,,0.414,1.0027
43-9051.00,Mail Clerks and Mail Machine Operators; Except Postal Service,,,0.4119,1.0145
43-9061.00,Office Clerks; General,,,0.4177,1.0047
43-9071.00,Office Machine Operators; Except Computer,,,0.4,1.0036
43-9081.00,Proofreaders and Copy Markers,,,0.4187,1.005
43-9111.00,Statistical Assistants,,,0.4397,1.0007
45-1011.00,First-Line Supervisors of Farming; Fishing; and Forestry Workers,,,0.4233,1.0059
45-2011.00,Agricultural Inspectors,,,0.418,1.0059
45-2021.00,Animal Breeders,,,0.4156,1.0108
45-2041.00,Graders and Sorters; Agricultural Products,,,0.4121,1.0169
45-2091.00,Agricultural Equipment Operators,,,0.4146,1.026
45-2092.00,Farmworkers and Laborers; Crop; Nursery; and Greenhouse,,,0.4123,1.0121
45-2093.00,Farmworkers; Farm; Ranch; and Aquacultural Animals,,,0.4206,1.0099
45-3031.00,Fishing and Hunting Workers,,,0.4069,1.0142
45-4011.00,Forest and Conservation Workers,,,0.4133,1.0152
45-4021.00,Fallers,,,0.4117,1.0165
45-4022.00,Logging Equipment Operators,,,0.4153,1.0351
45-4023.00,Log Graders and Scalers,,,0.4288,1.0049
47-1011.00,First-Line Supervisors of Construction Trades and Extraction Workers,,,0.4274,1.0051
47-1011.03,Solar Energy Installation Managers,,,0.4144,1.0108
47-2011.00,Boilermakers,,,0.4182,1.019
47-2021.00,Brickmasons and Blockmasons,,,0.413,1.0148
47-2022.00,Stonemasons,,,0.4108,1.0156
47-2031.00,Carpenters,,,0.4111,1.0141
47-2041.00,Carpet Installers,,,0.4118,1.0164
47-2042.00,Floor Layers; Except Carpet; Wood; and Hard Tiles,,,0.4153,1.0083
47-2043.00,Floor Sanders and Finishers,,,0.4091,1.0128
47-2044.00,Tile and Stone Setters,,,0.3942,1.0092
47-2051.00,Cement Masons and Concrete Finishers,,,0.4133,1.0143
47-2053.00,Terrazzo Workers and Finishers,,,0.4118,1.0158
47-2061.00,Construction Laborers,,,0.4176,1.0108
47-2071.00,Paving; Surfacing; and Tamping Equipment Operators,,,0.4135,1.0163
47-2072.00,Pile Driver Operators,,,0.4129,1.0187
47-2073.00,Operating Engineers and Other Construction Equipment Operators,,,0.4147,1.0191
47-2081.00,Drywall and Ceiling Tile Installers,,,0.4118,1.0155
47-2082.00,Tapers,,,0.4142,1.0135
47-2111.00,Electricians,,,0.4119,1.0182
47-2121.00,Glaziers,,,0.4112,1.0153
47-2131.00,Insulation Workers; Floor; Ceiling; and Wall,,,0.4119,1.0172
47-2132.00,Insulation Workers; Mechanical,,,0.4118,1.017
47-2141.00,Painters; Construction and Maintenance,,,0.4141,1.0115
47-2142.00,Paperhangers,,,0.4117,1.0166
47-2151.00,Pipelayers,,,0.4124,1.0164
47-2152.00,Plumbers; Pipefitters; and Steamfitters,,,0.4135,1.0129
47-2152.04,Solar Thermal Installers and Technicians,,,0.3901,1.0059
47-2161.00,Plasterers and Stucco Masons,,,0.4127,1.0136
47-2171.00,Reinforcing Iron and Rebar Workers,,,0.4118,1.0172
47-2181.00,Roofers,,,0.4118,1.0165
47-2211.00,Sheet Metal Workers,,,0.4164,1.0077
47-2221.00,Structural Iron and Steel Workers,,,0.4119,1.0168
47-2231.00,Solar Photovoltaic Installers,,,0.4118,1.0165
47-3011.00,Helpers--Brickmasons; Blockmasons; Stonemasons; and Tile and Marble Setters,,,0.4126,1.0175
47-3012.00,Helpers--Carpenters,,,0.4118,1.0179
47-3013.00,Helpers--Electricians,,,0.4157,1.0086
47-3014.00,Helpers--Painters; Paperhangers; Plasterers; and Stucco Masons,,,0.4135,1.0129
47-3015.00,Helpers--Pipelayers; Plumbers; Pipefitters; and Steamfitters,,,0.3922,1.0105
47-3016.00,Helpers--Roofers,,,0.3954,1.0031
47-4011.00,Construction and Building Inspectors,,,0.4222,1.0054
47-4011.01,Energy Auditors,,,0.4301,1.0031
47-4021.00,Elevator and Escalator Installers and Repairers,,,0.4131,1.0196
47-4031.00,Fence Erectors,,,0.4121,1.0147
47-4041.00,Hazardous Materials Removal Workers,,,0.415,1.0072
47-4051.00,Highway Maintenance Workers,,,0.4162,1.0076
47-4061.00,Rail-Track Laying and Maintenance Equipment Operators,,,0.4177,1.0116
47-4071.00,Septic Tank Servicers and Sewer Pipe Cleaners,,,0.4147,1.0169
47-4091.00,Segmental Pavers,,,0.4123,1.0155
47-4099.03,Weatherization Installers and Technicians,,,0.4136,1.0094
47-5011.00,Derrick Operators; Oil and Gas,,,0.413,1.0167
47-5012.00,Rotary Drill Operators; Oil and Gas,,,0.4129,1.0131
47-5013.00,Service Unit Operators; Oil and Gas,,,0.4148,1.0098
47-5022.00,Excavating and Loading Machine and Dragline Operators; Surface Mining,,,0.4139,1.0213
47-5023.00,Earth Drillers; Except Oil and Gas,,,0.4154,1.0151
47-5032.00,Explosives Workers; Ordnance Handling Experts; and Blasters,,,0.4291,1.0067
47-5041.00,Continuous Mining Machine Operators,,,0.4204,1.0188
47-5043.00,Roof Bolters; Mining,,,0.4153,1.0124
47-5044.00,Loading and Moving Machine Operators; Underground Mining,,,0.415,1.0283
47-5051.00,Rock Splitters; Quarry,,,0.4122,1.0147
47-5071.00,Roustabouts; Oil and Gas,,,0.4144,1.0227
47-5081.00,Helpers--Extraction Workers,,,0.4129,1.0148
49-1011.00,First-Line Supervisors of Mechanics; Installers; and Repairers,,,0.4123,1.006
49-2011.00,Computer; Automated Teller; and Office Machine Repairers,,,0.4562,1.0045
49-2021.00,Radio; Cellular; and Tower Equipment Installers and Repairers,,,0.4175,1.005
49-2022.00,Telecommunications Equipment Installers and Repairers; Except Line Installers,,,0.4218,1.0044
49-2091.00,Avionics Technicians,,,0.4119,1.0053
49-2092.00,Electric Motor; Power Tool; and Related Repairers,,,0.413,1.0147
49-2093.00,Electrical and Electronics Installers and Repairers; Transportation Equipment,,,0.4144,1.008
49-2094.00,Electrical and Electronics Repairers; Commercial and Industrial Equipment,,,0.4167,1.006
49-2095.00,Electrical and Electronics Repairers; Powerhouse; Substation; and Relay,,,0.4227,1.0115
49-2096.00,Electronic Equipment Installers and Repairers; Motor Vehicles,,,0.4137,1.0088
49-2097.00,Audiovisual Equipment Installers and Repairers,,,0.4142,1.0065
49-2098.00,Security and Fire Alarm Systems Installers,,,0.4142,1.0077
49-3011.00,Aircraft Mechanics and Service Technicians,,,0.4217,1.0076
49-3021.00,Automotive Body and Related Repairers,,,0.4045,1.0053
49-3022.00,Automotive Glass Installers and Repairers,,,0.4112,1.0164
49-3023.00,Automotive Service Technicians and Mechanics,,,0.4154,1.0092
49-3031.00,Bus and Truck Mechanics and Diesel Engine Specialists,,,0.4157,1.0175
49-3041.00,Farm Equipment Mechanics and Service Technicians,,,0.4139,1.0337
49-3042.00,Mobile Heavy Equipment Mechanics; Except Engines,,,0.415,1.0225
49-3043.00,Rail Car Repairers,,,0.4125,1.0155
49-3051.00,Motorboat Mechanics and Service Technicians,,,0.4136,1.0134
49-3052.00,Motorcycle Mechanics,,,0.4192,1.0104
49-3053.00,Outdoor Power Equipment and Other Small Engine Mechanics,,,0.4161,1.0413
49-3091.00,Bicycle Repairers,,,0.4125,1.0124
49-3092.00,Recreational Vehicle Service Technicians,,,0.4225,1.0057
49-3093.00,Tire Repairers and Changers,,,0.4195,1.0086
49-9011.00,Mechanical Door Repairers,,,0.4123,1.0129
49-9012.00,Control and Valve Installers and Repairers; Except Mechanical Door,,,0.4177,1.0162
49-9021.00,Heating; Air Conditioning; and Refrigeration Mechanics and Installers,,,0.4125,1.0124
49-9031.00,Home Appliance Repairers,,,0.4135,1.0108
49-9041.00,Industrial Machinery Mechanics,,,0.4115,1.0096
49-9043.00,Maintenance Workers; Machinery,,,0.4129,1.0195
49-9044.00,Millwrights,,,0.4144,1.0389
49-9045.00,Refractory Materials Repairers; Except Brickmasons,,,0.4128,1.0165
49-9051.00,Electrical Power-Line Installers and Repairers,,,0.412,1.0181
49-9052.00,Telecommunications Line Installers and Repairers,,,0.4116,1.026
49-9061.00,Camera and Photographic Equipment Repairers,,,0.3507,1.0031
49-9062.00,Medical Equipment Repairers,,,0.419,1.0154
49-9063.00,Musical Instrument Repairers and Tuners,,,0.4064,1.0044
49-9064.00,Watch and Clock Repairers,,,0.4213,1.0212
49-9071.00,Maintenance and Repair Workers; General,,,0.4111,1.0078
49-9081.00,Wind Turbine Service Technicians,,,0.4132,1.023
49-9091.00,Coin; Vending; and Amusement Machine Servicers and Repairers,,,0.4183,1.0081
49-9092.00,Commercial Divers,,,0.4129,1.0149
49-9094.00,Locksmiths and Safe Repairers,,,0.4061,1.0084
49-9095.00,Manufactured Building and Mobile Home Installers,,,0.4195,1.0127
49-9096.00,Riggers,,,0.4126,1.0143
49-9097.00,Signal and Track Switch Repairers,,,0.4141,1.0101
49-9098.00,Helpers--Installation; Maintenance; and Repair Workers,,,0.4159,1.013
49-9099.01,Geothermal Technicians,,,0.4149,1.0119
51-1011.00,First-Line Supervisors of Production and Operating Workers,,,0.4202,1.0053
51-2011.00,Aircraft Structure; Surfaces; Rigging; and Systems Assemblers,,,0.403,1.0105
51-2021.00,Coil Winders; Tapers; and Finishers,,,0.4255,1.014
51-2022.00,Electrical and Electronic Equipment Assemblers,,,0.416,1.0121
51-2023.00,Electromechanical Equipment Assemblers,,,0.4181,1.0096
51-2031.00,Engine and Other Machine Assemblers,,,0.4118,1.0169
51-2041.00,Structural Metal Fabricators and Fitters,,,0.4125,1.0133
51-2051.00,Fiberglass Laminators and Fabricators,,,0.4156,1.0117
51-2061.00,Timing Device Assemblers and Adjusters,,,0.414,1.0389
51-2092.00,Team Assemblers,,,0.4124,1.0167
51-3011.00,Bakers,,,0.4161,1.0079
51-3021.00,Butchers and Meat Cutters,,,0.4145,1.0094
51-3022.00,Meat; Poultry; and Fish Cutters and Trimmers,,,0.4137,1.0139
51-3023.00,Slaughterers and Meat Packers,,,0.4123,1.016
51-3091.00,Food and Tobacco Roasting; Baking; and Drying Machine Operators and Tenders,,,0.4285,1.0064
51-3092.00,Food Batchmakers,,,0.4111,1.0101
51-3093.00,Food Cooking Machine Operators and Tenders,,,0.4129,1.0128
51-4021.00,Extruding and Drawing Machine Setters; Operators; and Tenders; Metal and Plastic,,,0.4125,1.0218
51-4022.00,Forging Machine Setters; Operators; and Tenders; Metal and Plastic,,,0.4118,1.0153
51-4023.00,Rolling Machine Setters; Operators; and Tenders; Metal and Plastic,,,0.4166,1.0171
51-4031.00,Cutting; Punching; and Press Machine Setters; Operators; and Tenders; Metal and Plastic,,,0.4176,1.0094
51-4032.00,Drilling and Boring Machine Tool Setters; Operators; and Tenders; Metal and Plastic,,,0.411,1.0279
51-4033.00,Grinding; Lapping; Polishing; and Buffing Machine Tool Setters; Operators; and Tenders; Metal and Plastic,,,0.4108,1.0194
51-4034.00,Lathe and Turning Machine Tool Setters; Operators; and Tenders; Metal and Plastic,,,0.4155,1.0107
51-4035.00,Milling and Planing Machine Setters; Operators; and Tenders; Metal and Plastic,,,0.4116,1.0271
51-4041.00,Machinists,,,0.411,1.0287
51-4051.00,Metal-Refining Furnace Operators and Tenders,,,0.4143,1.0128
51-4052.00,Pourers and Casters; Metal,,,0.4122,1.0153
51-4061.00,Model Makers; Metal and Plastic,,,0.4036,1.02
51-4062.00,Patternmakers; Metal and Plastic,,,0.4102,1.0258
51-4071.00,Foundry Mold and Coremakers,,,0.4119,1.0176
51-4072.00,Molding; Coremaking; and Casting Machine Setters; Operators; and Tenders; Metal and Plastic,,,0.4115,1.0175
51-4081.00,Multiple Machine Tool Setters; Operators; and Tenders; Metal and Plastic,,,0.4149,1.0149
51-4111.00,Tool and Die Makers,,,0.3814,1.0084
51-4121.00,Welders; Cutters; Solderers; and Brazers,,,0.4134,1.0117
51-4122.00,Welding; Soldering; and Brazing Machine Setters; Operators; and Tenders,,,0.4072,1.0142
51-4191.00,Heat Treating Equipment Setters; Operators; and Tenders; Metal and Plastic,,,0.4116,1.0156
51-4192.00,Layout Workers; Metal and Plastic,,,0.4116,1.0161
51-4193.00,Plating Machine Setters; Operators; and Tenders; Metal and Plastic,,,0.4127,1.0162
51-4194.00,Tool Grinders; Filers; and Sharpeners,,,0.4111,1.0253
51-5111.00,Prepress Technicians and Workers,,,0.4044,1.0038
51-5112.00,Printing Press Operators,,,0.4205,1.0111
51-5113.00,Print Binding and Finishing Workers,,,0.4139,1.0127
51-6011.00,Laundry and Dry-Cleaning Workers,,,0.4135,1.0106
51-6021.00,Pressers; Textile; Garment; and Related Materials,,,0.4118,1.0119
51-6031.00,Sewing Machine Operators,,,0.4127,1.0131
51-6041.00,Shoe and Leather Workers and Repairers,,,0.4133,1.0124
51-6042.00,Shoe Machine Operators and Tenders,,,0.4115,1.0146
51-6051.00,Sewers; Hand,,,0.4194,1.0078
51-6052.00,Tailors; Dressmakers; and Custom Sewers,,,0.3824,1.01
51-6061.00,Textile Bleaching and Dyeing Machine Operators and Tenders,,,0.4171,1.0121
51-6062.00,Textile Cutting Machine Setters; Operators; and Tenders,,,0.4124,1.0132
51-6063.00,Textile Knitting and Weaving Machine Setters; Operators; and Tenders,,,0.4135,1.0115
51-6064.00,Textile Winding; Twisting; and Drawing Out Machine Setters; Operators; and Tenders,,,0.4178,1.0099
51-6091.00,Extruding and Forming Machine Setters; Operators; and Tenders; Synthetic and Glass Fibers,,,0.4177,1.0099
51-6092.00,Fabric and Apparel Patternmakers,,,0.384,1.0054
51-6093.00,Upholsterers,,,0.4003,1.0138
51-7011.00,Cabinetmakers and Bench Carpenters,,,0.4126,1.0156
51-7021.00,Furniture Finishers,,,0.4168,1.0087
51-7031.00,Model Makers; Wood,,,0.4075,1.0189
51-7032.00,Patternmakers; Wood,,,0.3653,1.013
51-7041.00,Sawing Machine Setters; Operators; and Tenders; Wood,,,0.4117,1.0166
51-7042.00,Woodworking Machine Setters; Operators; and Tenders; Except Sawing,,,0.4117,1.0153
51-8011.00,Nuclear Power Reactor Operators,,,0.416,1.0071
51-8012.00,Power Distributors and Dispatchers,,,0.4496,1.0042
51-8013.00,Power Plant Operators,,,0.4136,1.0255
51-8013.03,Biomass Plant Technicians,,,0.4188,1.0111
51-8013.04,Hydroelectric Plant Technicians,,,0.4128,1.0218
51-8021.00,Stationary Engineers and Boiler Operators,,,0.4182,1.0137
51-8031.00,Water and Wastewater Treatment Plant and System Operators,,,0.4234,1.0061
51-8091.00,Chemical Plant and System Operators,,,0.4195,1.0089
51-8092.00,Gas Plant Operators,,,0.4297,1.008
51-8093.00,Petroleum Pump System Operators; Refinery Operators; and Gaugers,,,0.416,1.0102
51-8099.01,Biofuels Processing Technicians,,,0.4173,1.0072
51-9011.00,Chemical Equipment Operators and Tenders,,,0.4226,1.0087
51-9012.00,Separating; Filtering; Clarifying; Precipitating; and Still Machine Setters; Operators; and Tenders,,,0.4188,1.008
51-9021.00,Crushing; Grinding; and Polishing Machine Setters; Operators; and Tenders,,,0.4136,1.0114
51-9022.00,Grinding and Polishing Workers; Hand,,,0.3579,1.0101
51-9023.00,Mixing and Blending Machine Setters; Operators; and Tenders,,,0.4115,1.0157
51-9031.00,Cutters and Trimmers; Hand,,,0.4138,1.0114
51-9032.00,Cutting and Slicing Machine Setters; Operators; and Tenders,,,0.4121,1.0162
51-9041.00,Extruding; Forming; Pressing; and Compacting Machine Setters; Operators; and Tenders,,,0.4133,1.0175
51-9051.00,Furnace; Kiln; Oven; Drier; and Kettle Operators and Tenders,,,0.4142,1.013
51-9061.00,Inspectors; Testers; Sorters; Samplers; and Weighers,,,0.42,1.0081
51-9071.00,Jewelers and Precious Stone and Metal Workers,,,0.1937,1.002
51-9071.06,Gem and Diamond Workers,,,0.3361,1.0039
51-9081.00,Dental Laboratory Technicians,,,0.2812,1.0016
51-9082.00,Medical Appliance Technicians,,,0.4056,1.0048
51-9083.00,Ophthalmic Laboratory Technicians,,,0.4186,1.0064
51-9111.00,Packaging and Filling Machine Operators and Tenders,,,0.412,1.0126
51-9123.00,Painting; Coating; and Decorating Workers,,,0.4129,1.0129
51-9124.00,Coating; Painting; and Spraying Machine Setters; Operators; and Tenders,,,0.4195,1.0085
51-9141.00,Semiconductor Processing Technicians,,,0.4133,1.01
51-9151.00,Photographic Process Workers and Processing Machine Operators,,,0.4143,1.0061
51-9161.00,Computer Numerically Controlled Tool Operators,,,0.411,1.0276
51-9162.00,Computer Numerically Controlled Tool Programmers,,,0.4261,1.0047
51-9191.00,Adhesive Bonding Machine Operators and Tenders,,,0.4118,1.0172
51-9192.00,Cleaning; Washing; and Metal Pickling Equipment Operators and Tenders,,,0.4169,1.0104
51-9193.00,Cooling and Freezing Equipment Operators and Tenders,,,0.4114,1.0128
51-9194.00,Etchers and Engravers,,,0.4041,1.0094
51-9195.00,Molders; Shapers; and Casters; Except Metal and Plastic,,,0.4119,1.0172
51-9195.03,Stone Cutters and Carvers; Manufacturing,,,0.4119,1.0168
51-9195.04,Glass Blowers; Molders; Benders; and Finishers,,,0.4112,1.0257
51-9195.05,Potters; Manufacturing,,,0.4018,1.0161
51-9196.00,Paper Goods Machine Setters; Operators; and Tenders,,,0.4118,1.0156
51-9197.00,Tire Builders,,,0.4127,1.014
51-9198.00,Helpers--Production Workers,,,0.4119,1.0171
53-1041.00,Aircraft Cargo Handling Supervisors,,,0.4277,1.0061
53-1042.00,First-Line Supervisors of Helpers; Laborers; and Material Movers; Hand,,,0.4238,1.0058
53-1042.01,Recycling Coordinators,,,0.4184,1.0093
53-1043.00,First-Line Supervisors of Material-Moving Machine and Vehicle Operators,,,0.4236,1.0078
53-2011.00,Airline Pilots; Copilots; and Flight Engineers,,,0.4267,1.0153
53-2012.00,Commercial Pilots,,,0.4245,1.0143
53-2021.00,Air Traffic Controllers,,,0.475,1.0056
53-2022.00,Airfield Operations Specialists,,,0.4205,1.0067
53-2031.00,Flight Attendants,,,0.4147,1.0129
53-3011.00,Ambulance Drivers and Attendants; Except Emergency Medical Technicians,,,0.4156,1.0091
53-3031.00,Driver/Sales Workers,,,0.4119,1.0171
53-3032.00,Heavy and Tractor-Trailer Truck Drivers,,,0.4179,1.0166
53-3033.00,Light Truck Drivers,,,0.413,1.0142
53-3051.00,Bus Drivers; School,,,0.4199,1.0144
53-3052.00,Bus Drivers; Transit and Intercity,,,0.4192,1.035
53-3053.00,Shuttle Drivers and Chauffeurs,,,0.4185,1.0142
53-4011.00,Locomotive Engineers,,,0.4148,1.0185
53-4013.00,Rail Yard Engineers; Dinkey Operators; and Hostlers,,,0.417,1.0099
53-4022.00,Railroad Brake; Signal; and Switch Operators and Locomotive Firers,,,0.4197,1.0083
53-4031.00,Railroad Conductors and Yardmasters,,,0.414,1.0096
53-4041.00,Subway and Streetcar Operators,,,0.4162,1.0192
53-5011.00,Sailors and Marine Oilers,,,0.4187,1.0101
53-5021.00,Captains; Mates; and Pilots of Water Vessels,,,0.4219,1.0262
53-5022.00,Motorboat Operators,,,0.4166,1.0631
53-5031.00,Ship Engineers,,,0.4199,1.0296
53-6011.00,Bridge and Lock Tenders,,,0.4112,1.0164
53-6021.00,Parking Attendants,,,0.4184,1.007
53-6031.00,Automotive and Watercraft Service Attendants,,,0.4131,1.0086
53-6041.00,Traffic Technicians,,,0.4303,1.0027
53-6051.00,Transportation Inspectors,,,0.4283,1.0052
53-6051.01,Aviation Inspectors,,,0.4154,1.0085
53-6051.07,Transportation Vehicle; Equipment and Systems Inspectors; Except Aviation,,,0.4176,1.0114
53-6061.00,Passenger Attendants,,,0.42,1.0095
53-7011.00,Conveyor Operators and Tenders,,,0.4148,1.0101
53-7021.00,Crane and Tower Operators,,,0.4146,1.0143
53-7031.00,Dredge Operators,,,0.4125,1.0144
53-7041.00,Hoist and Winch Operators,,,0.4142,1.0141
53-7051.00,Industrial Truck and Tractor Operators,,,0.4148,1.0122
53-7061.00,Cleaners of Vehicles and Equipment,,,0.4161,1.0103
53-7062.00,Laborers and Freight; Stock; and Material Movers; Hand,,,0.412,1.0162
53-7062.04,Recycling and Reclamation Workers,,,0.4136,1.0108
53-7063.00,Machine Feeders and Offbearers,,,0.4119,1.0167
53-7064.00,Packers and Packagers; Hand,,,0.414,1.0134
53-7065.00,Stockers and Order Fillers,,,0.4135,1.0119
53-7071.00,Gas Compressor and Gas Pumping Station Operators,,,0.4185,1.0172
53-7072.00,Pump Operators; Except Wellhead Pumpers,,,0.4215,1.0107
53-7073.00,Wellhead Pumpers,,,0.4127,1.0079
53-7081.00,Refuse and Recyclable Material Collectors,,,0.416,1.0546
53-7121.00,Tank Car; Truck; and Ship Loaders,,,0.4164,1.0107
